transaction_id,date,timestamp,account_id,fi_type,direction,mode,amount,narration,balance_after,category,sub_category,is_income,is_obligation,is_discretionary,is_recurring
TXN_AARAV_20250601_0001,2025-06-01,2025-06-01T19:13:35+05:30,e69326fa-f75f-53d1-915f-cd743d715fa5,deposit,DEBIT,UPI,588.90,UPI/DE/MORE SUPERMARKET/Bangalore grocery,149411.10,groceries,grocery_topup,False,False,False,True
TXN_AARAV_20250601_0002,2025-06-01,2025-06-01T21:43:41+05:30,e69326fa-f75f-53d1-915f-cd743d715fa5,deposit,DEBIT,CARD,971.10,CARD/DE/TOIT/Bangalore dining,148440.00,eating_out,weekend_dining,False,False,True,False
TXN_AARAV_20250602_0003,2025-06-02,2025-06-02T08:30:57+05:30,e69326fa-f75f-53d1-915f-cd743d715fa5,deposit,DEBIT,CARD,67.00,CARD/DE/BMRCL METRO/Bangalore fare,148373.00,commute,metro,False,False,False,False
TXN_AARAV_20250602_0004,2025-06-02,2025-06-02T12:02:57+05:30,e69326fa-f75f-53d1-915f-cd743d715fa5,deposit,DEBIT,UPI,245.00,UPI/DE/THIRD WAVE COFFEE/Bangalore coffee,148128.00,coffee,morning_coffee,False,False,True,False
TXN_AARAV_20250602_0005,2025-06-02,2025-06-02T14:25:04+05:30,e69326fa-f75f-53d1-915f-cd743d715fa5,deposit,DEBIT,UPI,235.00,UPI/DE/OFFICE CANTEEN/Bangalore lunch,147893.00,food_delivery,lunch,False,False,True,False
TXN_AARAV_20250603_0006,2025-06-03,2025-06-03T09:12:22+05:30,e69326fa-f75f-53d1-915f-cd743d715fa5,deposit,DEBIT,CARD,55.00,CARD/DE/BMRCL METRO/Bangalore fare,147838.00,commute,metro,False,False,False,False
TXN_AARAV_20250603_0007,2025-06-03,2025-06-03T10:42:17+05:30,e69326fa-f75f-53d1-915f-cd743d715fa5,deposit,DEBIT,UPI,176.00,UPI/DE/STARBUCKS/Bangalore coffee,147662.00,coffee,morning_coffee,False,False,True,False
TXN_AARAV_20250603_0008,2025-06-03,2025-06-03T12:41:07+05:30,e69326fa-f75f-53d1-915f-cd743d715fa5,deposit,DEBIT,UPI,493.00,UPI/DE/AMAZON/Bangalore household,147169.00,household,household_items,False,False,True,False
TXN_AARAV_20250603_0009,2025-06-03,2025-06-03T22:38:03+05:30,e69326fa-f75f-53d1-915f-cd743d715fa5,deposit,DEBIT,UPI,595.00,UPI/DE/SWIGGY/Bangalore dinner order,146574.00,food_delivery,dinner,False,False,True,False
TXN_AARAV_20250604_0010,2025-06-04,2025-06-04T08:00:12+05:30,e69326fa-f75f-53d1-915f-cd743d715fa5,deposit,DEBIT,CARD,54.00,CARD/DE/BMRCL METRO/Bangalore fare,146520.00,commute,metro,False,False,False,False
TXN_AARAV_20250604_0011,2025-06-04,2025-06-04T11:04:52+05:30,e69326fa-f75f-53d1-915f-cd743d715fa5,deposit,DEBIT,UPI,171.00,UPI/DE/THIRD WAVE COFFEE/Bangalore coffee,146349.00,coffee,morning_coffee,False,False,True,False
TXN_AARAV_20250604_0012,2025-06-04,2025-06-04T13:57:43+05:30,e69326fa-f75f-53d1-915f-cd743d715fa5,deposit,DEBIT,UPI,212.00,UPI/DE/ZOMATO/Bangalore lunch,146137.00,food_delivery,lunch,False,False,True,False
TXN_AARAV_20250605_0013,2025-06-05,2025-06-05T12:25:27+05:30,e69326fa-f75f-53d1-915f-cd743d715fa5,deposit,DEBIT,UPI,42000.00,UPI/DE/RENT TO LANDLORD/JUN25,104137.00,rent,monthly_rent,False,True,False,True
TXN_AARAV_20250605_0014,2025-06-05,2025-06-05T13:19:34+05:30,e69326fa-f75f-53d1-915f-cd743d715fa5,deposit,DEBIT,UPI,246.00,UPI/DE/SWIGGY/Bangalore lunch,103891.00,food_delivery,lunch,False,False,True,False
TXN_AARAV_20250605_0015,2025-06-05,2025-06-05T19:00:25+05:30,e69326fa-f75f-53d1-915f-cd743d715fa5,deposit,DEBIT,UPI,368.00,UPI/DE/SWIGGY/Bangalore dinner order,103523.00,food_delivery,dinner,False,False,True,False
TXN_AARAV_20250606_0016,2025-06-06,2025-06-06T11:38:18+05:30,e69326fa-f75f-53d1-915f-cd743d715fa5,deposit,DEBIT,UPI,238.00,UPI/DE/THIRD WAVE COFFEE/Bangalore coffee,103285.00,coffee,morning_coffee,False,False,True,False
TXN_AARAV_20250606_0017,2025-06-06,2025-06-06T11:41:41+05:30,e69326fa-f75f-53d1-915f-cd743d715fa5,deposit,DEBIT,FT,10000.00,NACH/DE/SIP MUTUAL FUND/HDFC BLUECHIP FUND/JUN25,93285.00,sip,mutual_fund_sip,False,True,False,True
TXN_AARAV_20250606_0018,2025-06-06,2025-06-06T14:58:48+05:30,e69326fa-f75f-53d1-915f-cd743d715fa5,deposit,DEBIT,UPI,216.00,UPI/DE/SWIGGY/Bangalore lunch,93069.00,food_delivery,lunch,False,False,True,False
TXN_AARAV_20250606_0019,2025-06-06,2025-06-06T20:19:35+05:30,e69326fa-f75f-53d1-915f-cd743d715fa5,deposit,DEBIT,CARD,1251.90,CARD/DE/BYG BREWSKI/Bangalore dining,91817.10,eating_out,friday_social,False,False,True,False
TXN_AARAV_20250607_0020,2025-06-07,2025-06-07T11:09:43+05:30,e69326fa-f75f-53d1-915f-cd743d715fa5,deposit,DEBIT,UPI,2698.80,UPI/DE/BIGBASKET/Bangalore grocery,89118.30,groceries,weekly_grocery,False,False,False,True
TXN_AARAV_20250607_0021,2025-06-07,2025-06-07T18:12:27+05:30,e69326fa-f75f-53d1-915f-cd743d715fa5,deposit,DEBIT,CARD,3710.20,CARD/DE/H&M/shopping,85408.10,fashion,impulse_shopping,False,False,True,False
TXN_AARAV_20250607_0022,2025-06-07,2025-06-07T18:15:37+05:30,e69326fa-f75f-53d1-915f-cd743d715fa5,deposit,DEBIT,UPI,384.00,UPI/DE/BLUE TOKAI/Indiranagar coffee,85024.10,coffee,weekend_coffee,False,False,True,False
TXN_AARAV_20250608_0023,2025-06-08,2025-06-08T13:32:58+05:30,e69326fa-f75f-53d1-915f-cd743d715fa5,deposit,DEBIT,UPI,444.00,UPI/DE/ZOMATO/Bangalore lunch order,84580.10,food_delivery,lunch,False,False,True,False
TXN_AARAV_20250608_0024,2025-06-08,2025-06-08T19:13:31+05:30,e69326fa-f75f-53d1-915f-cd743d715fa5,deposit,DEBIT,CARD,1581.00,CARD/DE/TOIT/Bangalore dining,82999.10,eating_out,weekend_dining,False,False,True,False
TXN_AARAV_20250609_0025,2025-06-09,2025-06-09T08:13:34+05:30,e69326fa-f75f-53d1-915f-cd743d715fa5,deposit,DEBIT,UPI,170.00,UPI/DE/UBER/Bangalore trip,82829.10,commute,cab_to_work,False,False,True,False
TXN_AARAV_20250609_0026,2025-06-09,2025-06-09T10:49:56+05:30,e69326fa-f75f-53d1-915f-cd743d715fa5,deposit,DEBIT,UPI,123.00,UPI/DE/BLUE TOKAI/Bangalore coffee,82706.10,coffee,morning_coffee,False,False,True,False
TXN_AARAV_20250609_0027,2025-06-09,2025-06-09T19:06:54+05:30,e69326fa-f75f-53d1-915f-cd743d715fa5,deposit,DEBIT,UPI,389.00,UPI/DE/UBER/Bangalore trip,82317.10,commute,cab_from_work,False,False,True,False
TXN_AARAV_20250609_0028,2025-06-09,2025-06-09T20:04:36+05:30,e69326fa-f75f-53d1-915f-cd743d715fa5,deposit,DEBIT,UPI,558.00,UPI/DE/FLIPKART/Bangalore household,81759.10,household,household_items,False,False,True,False
TXN_AARAV_20250610_0029,2025-06-10,2025-06-10T09:01:09+05:30,e69326fa-f75f-53d1-915f-cd743d715fa5,deposit,DEBIT,FT,5000.00,NACH/DE/SIP MUTUAL FUND/AXIS MIDCAP FUND/JUN25,76759.10,sip,mutual_fund_sip,False,True,False,True
TXN_AARAV_20250610_0030,2025-06-10,2025-06-10T10:36:00+05:30,e69326fa-f75f-53d1-915f-cd743d715fa5,deposit,DEBIT,UPI,188.00,UPI/DE/RAPIDO/Bangalore trip,76571.10,commute,cab_to_work,False,False,True,False
TXN_AARAV_20250610_0031,2025-06-10,2025-06-10T11:34:06+05:30,e69326fa-f75f-53d1-915f-cd743d715fa5,deposit,DEBIT,UPI,224.00,UPI/DE/STARBUCKS/Bangalore coffee,76347.10,coffee,morning_coffee,False,False,True,False
TXN_AARAV_20250610_0032,2025-06-10,2025-06-10T14:26:58+05:30,e69326fa-f75f-53d1-915f-cd743d715fa5,deposit,DEBIT,UPI,391.00,UPI/DE/SWIGGY/Bangalore lunch,75956.10,food_delivery,lunch,False,False,True,False
TXN_AARAV_20250610_0033,2025-06-10,2025-06-10T20:45:58+05:30,e69326fa-f75f-53d1-915f-cd743d715fa5,deposit,DEBIT,UPI,327.00,UPI/DE/RAPIDO/Bangalore trip,75629.10,commute,cab_from_work,False,False,True,False
TXN_AARAV_20250612_0034,2025-06-12,2025-06-12T01:48:07+05:30,e69326fa-f75f-53d1-915f-cd743d715fa5,deposit,DEBIT,CARD,649.00,CARD/DE/RECURRING/NETFLIX/SUBSCRIPTION,74980.10,subscription,netflix,False,True,False,True
TXN_AARAV_20250612_0035,2025-06-12,2025-06-12T13:26:15+05:30,e69326fa-f75f-53d1-915f-cd743d715fa5,deposit,DEBIT,UPI,1056.00,UPI/DE/BESCOM/ELECTRICITY BILL/JUN25,73924.10,utility,electricity,False,True,False,True
TXN_AARAV_20250612_0036,2025-06-12,2025-06-12T23:46:12+05:30,e69326fa-f75f-53d1-915f-cd743d715fa5,deposit,DEBIT,UPI,359.00,UPI/DE/SWIGGY/late night food,73565.10,food_delivery,late_night_food,False,False,True,False
TXN_AARAV_20250613_0037,2025-06-13,2025-06-13T08:46:48+05:30,e69326fa-f75f-53d1-915f-cd743d715fa5,deposit,DEBIT,CARD,35.00,CARD/DE/BMRCL METRO/Bangalore fare,73530.10,commute,metro,False,False,False,False
TXN_AARAV_20250613_0038,2025-06-13,2025-06-13T10:40:40+05:30,e69326fa-f75f-53d1-915f-cd743d715fa5,deposit,DEBIT,UPI,136.00,UPI/DE/BLUE TOKAI/Bangalore coffee,73394.10,coffee,morning_coffee,False,False,True,False
TXN_AARAV_20250613_0039,2025-06-13,2025-06-13T13:15:39+05:30,e69326fa-f75f-53d1-915f-cd743d715fa5,deposit,DEBIT,UPI,296.00,UPI/DE/OFFICE CANTEEN/Bangalore lunch,73098.10,food_delivery,lunch,False,False,True,False
TXN_AARAV_20250613_0040,2025-06-13,2025-06-13T22:43:01+05:30,e69326fa-f75f-53d1-915f-cd743d715fa5,deposit,DEBIT,UPI,532.00,UPI/DE/SWIGGY/late night food,72566.10,food_delivery,late_night_food,False,False,True,False
TXN_AARAV_20250613_0041,2025-06-13,2025-06-13T22:57:20+05:30,e69326fa-f75f-53d1-915f-cd743d715fa5,deposit,DEBIT,CARD,848.00,CARD/DE/TOIT/Bangalore dining,71718.10,eating_out,friday_social,False,False,True,False
TXN_AARAV_20250614_0042,2025-06-14,2025-06-14T01:31:30+05:30,e69326fa-f75f-53d1-915f-cd743d715fa5,deposit,DEBIT,CARD,119.00,CARD/DE/RECURRING/SPOTIFY/SUBSCRIPTION,71599.10,subscription,spotify,False,True,False,True
TXN_AARAV_20250614_0043,2025-06-14,2025-06-14T01:49:48+05:30,e69326fa-f75f-53d1-915f-cd743d715fa5,deposit,DEBIT,CARD,75.00,CARD/DE/RECURRING/ICLOUD/SUBSCRIPTION,71524.10,subscription,icloud,False,True,False,True
TXN_AARAV_20250614_0044,2025-06-14,2025-06-14T15:34:20+05:30,e69326fa-f75f-53d1-915f-cd743d715fa5,deposit,DEBIT,CARD,2691.00,CARD/DE/H&M/shopping,68833.10,fashion,impulse_shopping,False,False,True,False
TXN_AARAV_20250614_0045,2025-06-14,2025-06-14T19:47:34+05:30,e69326fa-f75f-53d1-915f-cd743d715fa5,deposit,DEBIT,CARD,3568.50,CARD/DE/TOIT/Bangalore dining,65264.60,eating_out,weekend_dining,False,False,True,False
TXN_AARAV_20250615_0046,2025-06-15,2025-06-15T13:13:17+05:30,e69326fa-f75f-53d1-915f-cd743d715fa5,deposit,DEBIT,FT,999.00,FT/DE/ACT FIBERNET/BROADBAND BILL/JUN25,64265.60,utility,broadband,False,True,False,True
TXN_AARAV_20250615_0047,2025-06-15,2025-06-15T17:07:56+05:30,e69326fa-f75f-53d1-915f-cd743d715fa5,deposit,DEBIT,UPI,410.00,UPI/DE/THIRD WAVE COFFEE/Indiranagar coffee,63855.60,coffee,weekend_coffee,False,False,True,False
TXN_AARAV_20250615_0048,2025-06-15,2025-06-15T17:17:26+05:30,e69326fa-f75f-53d1-915f-cd743d715fa5,deposit,DEBIT,UPI,1102.00,UPI/DE/DMART/Bangalore grocery,62753.60,groceries,grocery_topup,False,False,False,True
TXN_AARAV_20250616_0049,2025-06-16,2025-06-16T09:02:42+05:30,e69326fa-f75f-53d1-915f-cd743d715fa5,deposit,DEBIT,CARD,52.00,CARD/DE/BMRCL METRO/Bangalore fare,62701.60,commute,metro,False,False,False,False
TXN_AARAV_20250616_0050,2025-06-16,2025-06-16T12:39:35+05:30,e69326fa-f75f-53d1-915f-cd743d715fa5,deposit,DEBIT,UPI,202.00,UPI/DE/CAFE COFFEE DAY/Bangalore coffee,62499.60,coffee,morning_coffee,False,False,True,False
TXN_AARAV_20250617_0051,2025-06-17,2025-06-17T08:43:40+05:30,e69326fa-f75f-53d1-915f-cd743d715fa5,deposit,DEBIT,CARD,60.00,CARD/DE/BMRCL METRO/Bangalore fare,62439.60,commute,metro,False,False,False,False
TXN_AARAV_20250617_0052,2025-06-17,2025-06-17T14:05:15+05:30,e69326fa-f75f-53d1-915f-cd743d715fa5,deposit,DEBIT,UPI,389.00,UPI/DE/SWIGGY/Bangalore lunch,62050.60,food_delivery,lunch,False,False,True,False
TXN_AARAV_20250617_0053,2025-06-17,2025-06-17T19:06:12+05:30,e69326fa-f75f-53d1-915f-cd743d715fa5,deposit,DEBIT,UPI,490.00,UPI/DE/ZOMATO/Bangalore dinner order,61560.60,food_delivery,dinner,False,False,True,False
TXN_AARAV_20250618_0054,2025-06-18,2025-06-18T08:11:14+05:30,e69326fa-f75f-53d1-915f-cd743d715fa5,deposit,DEBIT,CARD,42.00,CARD/DE/BMRCL METRO/Bangalore fare,61518.60,commute,metro,False,False,False,False
TXN_AARAV_20250618_0055,2025-06-18,2025-06-18T12:05:34+05:30,e69326fa-f75f-53d1-915f-cd743d715fa5,deposit,DEBIT,UPI,599.00,UPI/DE/JIO/MOBILE BILL/JUN25,60919.60,utility,mobile,False,True,False,True
TXN_AARAV_20250618_0056,2025-06-18,2025-06-18T13:15:09+05:30,e69326fa-f75f-53d1-915f-cd743d715fa5,deposit,DEBIT,UPI,201.00,UPI/DE/SWIGGY/Bangalore lunch,60718.60,food_delivery,lunch,False,False,True,False
TXN_AARAV_20250618_0057,2025-06-18,2025-06-18T22:31:56+05:30,e69326fa-f75f-53d1-915f-cd743d715fa5,deposit,DEBIT,UPI,391.00,UPI/DE/ZOMATO/Bangalore dinner order,60327.60,food_delivery,dinner,False,False,True,False
TXN_AARAV_20250619_0058,2025-06-19,2025-06-19T08:10:47+05:30,e69326fa-f75f-53d1-915f-cd743d715fa5,deposit,DEBIT,CARD,49.00,CARD/DE/BMRCL METRO/Bangalore fare,60278.60,commute,metro,False,False,False,False
TXN_AARAV_20250619_0059,2025-06-19,2025-06-19T10:32:06+05:30,e69326fa-f75f-53d1-915f-cd743d715fa5,deposit,DEBIT,UPI,157.00,UPI/DE/BLUE TOKAI/Bangalore coffee,60121.60,coffee,morning_coffee,False,False,True,False
TXN_AARAV_20250619_0060,2025-06-19,2025-06-19T12:13:05+05:30,e69326fa-f75f-53d1-915f-cd743d715fa5,deposit,DEBIT,UPI,344.00,UPI/DE/SWIGGY/Bangalore lunch,59777.60,food_delivery,lunch,False,False,True,False
TXN_AARAV_20250620_0061,2025-06-20,2025-06-20T05:21:45+05:30,e69326fa-f75f-53d1-915f-cd743d715fa5,deposit,DEBIT,CARD,179.00,CARD/DE/RECURRING/AMAZON PRIME/SUBSCRIPTION,59598.60,subscription,amazon_prime,False,True,False,True
TXN_AARAV_20250620_0062,2025-06-20,2025-06-20T08:34:29+05:30,e69326fa-f75f-53d1-915f-cd743d715fa5,deposit,DEBIT,UPI,205.00,UPI/DE/OLA/Bangalore trip,59393.60,commute,cab_to_work,False,False,True,False
TXN_AARAV_20250620_0063,2025-06-20,2025-06-20T10:55:23+05:30,e69326fa-f75f-53d1-915f-cd743d715fa5,deposit,DEBIT,UPI,234.00,UPI/DE/STARBUCKS/Bangalore coffee,59159.60,coffee,morning_coffee,False,False,True,False
TXN_AARAV_20250620_0064,2025-06-20,2025-06-20T14:20:57+05:30,e69326fa-f75f-53d1-915f-cd743d715fa5,deposit,DEBIT,UPI,273.00,UPI/DE/ZOMATO/Bangalore lunch,58886.60,food_delivery,lunch,False,False,True,False
TXN_AARAV_20250620_0065,2025-06-20,2025-06-20T20:34:49+05:30,e69326fa-f75f-53d1-915f-cd743d715fa5,deposit,DEBIT,CARD,2751.00,CARD/DE/TOIT/Bangalore dining,56135.60,eating_out,friday_social,False,False,True,False
TXN_AARAV_20250620_0066,2025-06-20,2025-06-20T20:41:16+05:30,e69326fa-f75f-53d1-915f-cd743d715fa5,deposit,DEBIT,UPI,201.00,UPI/DE/OLA/Bangalore trip,55934.60,commute,cab_from_work,False,False,True,False
TXN_AARAV_20250621_0067,2025-06-21,2025-06-21T11:44:50+05:30,e69326fa-f75f-53d1-915f-cd743d715fa5,deposit,DEBIT,UPI,1436.35,UPI/DE/BLINKIT/Bangalore grocery,54498.25,groceries,weekly_grocery,False,False,False,True
TXN_AARAV_20250621_0068,2025-06-21,2025-06-21T14:40:04+05:30,e69326fa-f75f-53d1-915f-cd743d715fa5,deposit,DEBIT,CARD,5487.80,CARD/DE/H&M/shopping,49010.45,fashion,impulse_shopping,False,False,True,False
TXN_AARAV_20250621_0069,2025-06-21,2025-06-21T22:46:10+05:30,e69326fa-f75f-53d1-915f-cd743d715fa5,deposit,DEBIT,CARD,1658.30,CARD/DE/EMPIRE RESTAURANT/Bangalore dining,47352.15,eating_out,weekend_dining,False,False,True,False
TXN_AARAV_20250622_0070,2025-06-22,2025-06-22T14:49:58+05:30,e69326fa-f75f-53d1-915f-cd743d715fa5,deposit,DEBIT,UPI,491.00,UPI/DE/ZOMATO/Bangalore lunch order,46861.15,food_delivery,lunch,False,False,True,False
TXN_AARAV_20250622_0071,2025-06-22,2025-06-22T17:18:45+05:30,e69326fa-f75f-53d1-915f-cd743d715fa5,deposit,DEBIT,UPI,436.00,UPI/DE/STARBUCKS/Indiranagar coffee,46425.15,coffee,weekend_coffee,False,False,True,False
TXN_AARAV_20250623_0072,2025-06-23,2025-06-23T08:53:44+05:30,e69326fa-f75f-53d1-915f-cd743d715fa5,deposit,DEBIT,UPI,179.00,UPI/DE/OLA/Bangalore trip,46246.15,commute,cab_to_work,False,False,True,False
TXN_AARAV_20250623_0073,2025-06-23,2025-06-23T12:35:11+05:30,e69326fa-f75f-53d1-915f-cd743d715fa5,deposit,DEBIT,UPI,387.00,UPI/DE/ZOMATO/Bangalore lunch,45859.15,food_delivery,lunch,False,False,True,False
TXN_AARAV_20250623_0074,2025-06-23,2025-06-23T21:38:13+05:30,e69326fa-f75f-53d1-915f-cd743d715fa5,deposit,DEBIT,UPI,219.00,UPI/DE/OLA/Bangalore trip,45640.15,commute,cab_from_work,False,False,True,False
TXN_AARAV_20250624_0075,2025-06-24,2025-06-24T09:52:36+05:30,e69326fa-f75f-53d1-915f-cd743d715fa5,deposit,DEBIT,UPI,178.00,UPI/DE/RAPIDO/Bangalore trip,45462.15,commute,cab_to_work,False,False,True,False
TXN_AARAV_20250624_0076,2025-06-24,2025-06-24T12:53:06+05:30,e69326fa-f75f-53d1-915f-cd743d715fa5,deposit,DEBIT,UPI,126.00,UPI/DE/STARBUCKS/Bangalore coffee,45336.15,coffee,morning_coffee,False,False,True,False
TXN_AARAV_20250624_0077,2025-06-24,2025-06-24T13:15:16+05:30,e69326fa-f75f-53d1-915f-cd743d715fa5,deposit,DEBIT,UPI,255.00,UPI/DE/SWIGGY/Bangalore lunch,45081.15,food_delivery,lunch,False,False,True,False
TXN_AARAV_20250624_0078,2025-06-24,2025-06-24T19:58:28+05:30,e69326fa-f75f-53d1-915f-cd743d715fa5,deposit,DEBIT,UPI,666.00,UPI/DE/APOLLO PHARMACY/Bangalore pharmacy,44415.15,pharmacy,medicine,False,False,False,False
TXN_AARAV_20250624_0079,2025-06-24,2025-06-24T21:04:45+05:30,e69326fa-f75f-53d1-915f-cd743d715fa5,deposit,DEBIT,UPI,339.00,UPI/DE/RAPIDO/Bangalore trip,44076.15,commute,cab_from_work,False,False,True,False
TXN_AARAV_20250625_0080,2025-06-25,2025-06-25T09:37:26+05:30,e69326fa-f75f-53d1-915f-cd743d715fa5,deposit,DEBIT,CARD,59.00,CARD/DE/BMRCL METRO/Bangalore fare,44017.15,commute,metro,False,False,False,False
TXN_AARAV_20250625_0081,2025-06-25,2025-06-25T12:55:46+05:30,e69326fa-f75f-53d1-915f-cd743d715fa5,deposit,DEBIT,UPI,186.00,UPI/DE/CAFE COFFEE DAY/Bangalore coffee,43831.15,coffee,morning_coffee,False,False,True,False
TXN_AARAV_20250625_0082,2025-06-25,2025-06-25T14:07:20+05:30,e69326fa-f75f-53d1-915f-cd743d715fa5,deposit,DEBIT,UPI,347.00,UPI/DE/ZOMATO/Bangalore lunch,43484.15,food_delivery,lunch,False,False,True,False
TXN_AARAV_20250625_0083,2025-06-25,2025-06-25T16:12:54+05:30,e69326fa-f75f-53d1-915f-cd743d715fa5,deposit,DEBIT,UPI,510.00,UPI/DE/APOLLO PHARMACY/Bangalore pharmacy,42974.15,pharmacy,medicine,False,False,False,False
TXN_AARAV_20250625_0084,2025-06-25,2025-06-25T19:39:58+05:30,e69326fa-f75f-53d1-915f-cd743d715fa5,deposit,DEBIT,UPI,609.00,UPI/DE/SWIGGY/Bangalore dinner order,42365.15,food_delivery,dinner,False,False,True,False
TXN_AARAV_20250626_0085,2025-06-26,2025-06-26T08:51:54+05:30,e69326fa-f75f-53d1-915f-cd743d715fa5,deposit,DEBIT,CARD,64.00,CARD/DE/BMRCL METRO/Bangalore fare,42301.15,commute,metro,False,False,False,False
TXN_AARAV_20250626_0086,2025-06-26,2025-06-26T10:01:13+05:30,e69326fa-f75f-53d1-915f-cd743d715fa5,deposit,DEBIT,UPI,151.00,UPI/DE/THIRD WAVE COFFEE/Bangalore coffee,42150.15,coffee,morning_coffee,False,False,True,False
TXN_AARAV_20250626_0087,2025-06-26,2025-06-26T12:41:17+05:30,e69326fa-f75f-53d1-915f-cd743d715fa5,deposit,DEBIT,UPI,236.00,UPI/DE/ZOMATO/Bangalore lunch,41914.15,food_delivery,lunch,False,False,True,False
TXN_AARAV_20250627_0088,2025-06-27,2025-06-27T08:00:43+05:30,e69326fa-f75f-53d1-915f-cd743d715fa5,deposit,DEBIT,UPI,193.00,UPI/DE/UBER/Bangalore trip,41721.15,commute,cab_to_work,False,False,True,False
TXN_AARAV_20250627_0089,2025-06-27,2025-06-27T10:28:54+05:30,e69326fa-f75f-53d1-915f-cd743d715fa5,deposit,DEBIT,UPI,172.00,UPI/DE/CAFE COFFEE DAY/Bangalore coffee,41549.15,coffee,morning_coffee,False,False,True,False
TXN_AARAV_20250627_0090,2025-06-27,2025-06-27T14:09:19+05:30,e69326fa-f75f-53d1-915f-cd743d715fa5,deposit,DEBIT,ATM,5000.00,ATM/DE/HDFC ATM BANGALORE/CASH WITHDRAWAL,36549.15,cash_withdrawal,atm,False,False,False,False
TXN_AARAV_20250627_0091,2025-06-27,2025-06-27T14:39:52+05:30,e69326fa-f75f-53d1-915f-cd743d715fa5,deposit,DEBIT,UPI,266.00,UPI/DE/OFFICE CANTEEN/Bangalore lunch,36283.15,food_delivery,lunch,False,False,True,False
TXN_AARAV_20250627_0092,2025-06-27,2025-06-27T20:31:37+05:30,e69326fa-f75f-53d1-915f-cd743d715fa5,deposit,DEBIT,CARD,1453.00,CARD/DE/BIERE CLUB/Bangalore dining,34830.15,eating_out,friday_social,False,False,True,False
TXN_AARAV_20250627_0093,2025-06-27,2025-06-27T21:18:45+05:30,e69326fa-f75f-53d1-915f-cd743d715fa5,deposit,DEBIT,UPI,345.00,UPI/DE/UBER/Bangalore trip,34485.15,commute,cab_from_work,False,False,True,False
TXN_AARAV_20250628_0094,2025-06-28,2025-06-28T09:35:01+05:30,e69326fa-f75f-53d1-915f-cd743d715fa5,deposit,CREDIT,FT,165000.00,FT/CR/ACME TECH SALARY/JUN25,199485.15,salary,monthly_salary,True,False,False,True
TXN_AARAV_20250628_0095,2025-06-28,2025-06-28T16:03:51+05:30,e69326fa-f75f-53d1-915f-cd743d715fa5,deposit,DEBIT,CARD,5642.00,CARD/DE/AMAZON/shopping,193843.15,fashion,impulse_shopping,False,False,True,False
TXN_AARAV_20250628_0096,2025-06-28,2025-06-28T17:07:24+05:30,e69326fa-f75f-53d1-915f-cd743d715fa5,deposit,DEBIT,UPI,448.00,UPI/DE/THIRD WAVE COFFEE/Indiranagar coffee,193395.15,coffee,weekend_coffee,False,False,True,False
TXN_AARAV_20250629_0097,2025-06-29,2025-06-29T13:04:56+05:30,e69326fa-f75f-53d1-915f-cd743d715fa5,deposit,DEBIT,UPI,416.00,UPI/DE/SWIGGY/Bangalore lunch order,192979.15,food_delivery,lunch,False,False,True,False
TXN_AARAV_20250629_0098,2025-06-29,2025-06-29T15:23:49+05:30,e69326fa-f75f-53d1-915f-cd743d715fa5,deposit,DEBIT,UPI,324.00,UPI/DE/THIRD WAVE COFFEE/Indiranagar coffee,192655.15,coffee,weekend_coffee,False,False,True,False
TXN_AARAV_20250629_0099,2025-06-29,2025-06-29T16:05:32+05:30,e69326fa-f75f-53d1-915f-cd743d715fa5,deposit,DEBIT,UPI,269.00,UPI/DE/FLIPKART/Bangalore household,192386.15,household,household_items,False,False,True,False
TXN_AARAV_20250629_0100,2025-06-29,2025-06-29T19:30:33+05:30,e69326fa-f75f-53d1-915f-cd743d715fa5,deposit,DEBIT,FT,8000.00,FT/DE/INTERNAL/GOAL SAVINGS/BALI VACATION,184386.15,goal_allocation,vacation_bali,False,False,False,True
TXN_AARAV_20250629_0101,2025-06-29,2025-06-29T20:13:53+05:30,e69326fa-f75f-53d1-915f-cd743d715fa5,deposit,DEBIT,CARD,1025.70,CARD/DE/TOIT/Bangalore dining,183360.45,eating_out,weekend_dining,False,False,True,False
TXN_AARAV_20250629_0102,2025-06-29,2025-06-29T20:45:06+05:30,e69326fa-f75f-53d1-915f-cd743d715fa5,deposit,DEBIT,FT,10000.00,FT/DE/INTERNAL/GOAL SAVINGS/EMERGENCY FUND,173360.45,goal_allocation,emergency_fund,False,False,False,True
TXN_AARAV_20250630_0103,2025-06-30,2025-06-30T11:03:06+05:30,e69326fa-f75f-53d1-915f-cd743d715fa5,deposit,DEBIT,UPI,240.00,UPI/DE/THIRD WAVE COFFEE/Bangalore coffee,173120.45,coffee,morning_coffee,False,False,True,False
TXN_AARAV_20250630_0104,2025-06-30,2025-06-30T21:40:13+05:30,e69326fa-f75f-53d1-915f-cd743d715fa5,deposit,DEBIT,FT,6000.00,FT/DE/INTERNAL/GOAL SAVINGS/NEW LAPTOP,167120.45,goal_allocation,laptop,False,False,False,True
TXN_AARAV_20250701_0105,2025-07-01,2025-07-01T09:27:20+05:30,e69326fa-f75f-53d1-915f-cd743d715fa5,deposit,DEBIT,CARD,80.00,CARD/DE/BMRCL METRO/Bangalore fare,167040.45,commute,metro,False,False,False,False
TXN_AARAV_20250701_0106,2025-07-01,2025-07-01T12:22:31+05:30,e69326fa-f75f-53d1-915f-cd743d715fa5,deposit,DEBIT,UPI,185.00,UPI/DE/BLUE TOKAI/Bangalore coffee,166855.45,coffee,morning_coffee,False,False,True,False
TXN_AARAV_20250701_0107,2025-07-01,2025-07-01T13:08:44+05:30,e69326fa-f75f-53d1-915f-cd743d715fa5,deposit,DEBIT,UPI,381.00,UPI/DE/FLIPKART/Bangalore household,166474.45,household,household_items,False,False,True,False
TXN_AARAV_20250702_0108,2025-07-02,2025-07-02T09:07:54+05:30,e69326fa-f75f-53d1-915f-cd743d715fa5,deposit,DEBIT,UPI,171.00,UPI/DE/OLA/Bangalore trip,166303.45,commute,cab_to_work,False,False,True,False
TXN_AARAV_20250702_0109,2025-07-02,2025-07-02T12:41:26+05:30,e69326fa-f75f-53d1-915f-cd743d715fa5,deposit,DEBIT,UPI,404.00,UPI/DE/SWIGGY/Bangalore lunch,165899.45,food_delivery,lunch,False,False,True,False
TXN_AARAV_20250702_0110,2025-07-02,2025-07-02T14:22:52+05:30,e69326fa-f75f-53d1-915f-cd743d715fa5,deposit,DEBIT,UPI,759.00,UPI/DE/MEDPLUS/Bangalore pharmacy,165140.45,pharmacy,medicine,False,False,False,False
TXN_AARAV_20250702_0111,2025-07-02,2025-07-02T20:05:28+05:30,e69326fa-f75f-53d1-915f-cd743d715fa5,deposit,DEBIT,UPI,379.00,UPI/DE/OLA/Bangalore trip,164761.45,commute,cab_from_work,False,False,True,False
TXN_AARAV_20250703_0112,2025-07-03,2025-07-03T10:34:39+05:30,e69326fa-f75f-53d1-915f-cd743d715fa5,deposit,DEBIT,UPI,264.00,UPI/DE/UBER/Bangalore trip,164497.45,commute,cab_to_work,False,False,True,False
TXN_AARAV_20250703_0113,2025-07-03,2025-07-03T13:13:38+05:30,e69326fa-f75f-53d1-915f-cd743d715fa5,deposit,DEBIT,UPI,431.00,UPI/DE/ZOMATO/Bangalore lunch,164066.45,food_delivery,lunch,False,False,True,False
TXN_AARAV_20250703_0114,2025-07-03,2025-07-03T20:17:53+05:30,e69326fa-f75f-53d1-915f-cd743d715fa5,deposit,DEBIT,UPI,355.00,UPI/DE/SWIGGY/Bangalore dinner order,163711.45,food_delivery,dinner,False,False,True,False
TXN_AARAV_20250703_0115,2025-07-03,2025-07-03T21:28:22+05:30,e69326fa-f75f-53d1-915f-cd743d715fa5,deposit,DEBIT,UPI,262.00,UPI/DE/UBER/Bangalore trip,163449.45,commute,cab_from_work,False,False,True,False
TXN_AARAV_20250704_0116,2025-07-04,2025-07-04T11:20:20+05:30,e69326fa-f75f-53d1-915f-cd743d715fa5,deposit,DEBIT,UPI,239.00,UPI/DE/STARBUCKS/Bangalore coffee,163210.45,coffee,morning_coffee,False,False,True,False
TXN_AARAV_20250704_0117,2025-07-04,2025-07-04T13:31:13+05:30,e69326fa-f75f-53d1-915f-cd743d715fa5,deposit,DEBIT,UPI,292.00,UPI/DE/OFFICE CANTEEN/Bangalore lunch,162918.45,food_delivery,lunch,False,False,True,False
TXN_AARAV_20250704_0118,2025-07-04,2025-07-04T21:40:33+05:30,e69326fa-f75f-53d1-915f-cd743d715fa5,deposit,DEBIT,UPI,511.00,UPI/DE/SWIGGY/Bangalore dinner order,162407.45,food_delivery,dinner,False,False,True,False
TXN_AARAV_20250704_0119,2025-07-04,2025-07-04T22:03:21+05:30,e69326fa-f75f-53d1-915f-cd743d715fa5,deposit,DEBIT,CARD,1482.00,CARD/DE/BIERE CLUB/Bangalore dining,160925.45,eating_out,friday_social,False,False,True,False
TXN_AARAV_20250705_0120,2025-07-05,2025-07-05T10:27:04+05:30,e69326fa-f75f-53d1-915f-cd743d715fa5,deposit,DEBIT,UPI,42000.00,UPI/DE/RENT TO LANDLORD/JUL25,118925.45,rent,monthly_rent,False,True,False,True
TXN_AARAV_20250705_0121,2025-07-05,2025-07-05T17:29:01+05:30,e69326fa-f75f-53d1-915f-cd743d715fa5,deposit,DEBIT,UPI,331.00,UPI/DE/THIRD WAVE COFFEE/Indiranagar coffee,118594.45,coffee,weekend_coffee,False,False,True,False
TXN_AARAV_20250705_0122,2025-07-05,2025-07-05T20:04:27+05:30,e69326fa-f75f-53d1-915f-cd743d715fa5,deposit,DEBIT,CARD,1782.30,CARD/DE/MEGHANA FOODS/Bangalore dining,116812.15,eating_out,weekend_dining,False,False,True,False
TXN_AARAV_20250706_0123,2025-07-06,2025-07-06T11:43:57+05:30,e69326fa-f75f-53d1-915f-cd743d715fa5,deposit,DEBIT,FT,10000.00,NACH/DE/SIP MUTUAL FUND/HDFC BLUECHIP FUND/JUL25,106812.15,sip,mutual_fund_sip,False,True,False,True
TXN_AARAV_20250706_0124,2025-07-06,2025-07-06T14:49:36+05:30,e69326fa-f75f-53d1-915f-cd743d715fa5,deposit,DEBIT,UPI,397.00,UPI/DE/ZOMATO/Bangalore lunch order,106415.15,food_delivery,lunch,False,False,True,False
TXN_AARAV_20250706_0125,2025-07-06,2025-07-06T17:02:02+05:30,e69326fa-f75f-53d1-915f-cd743d715fa5,deposit,DEBIT,UPI,1193.40,UPI/DE/MORE SUPERMARKET/Bangalore grocery,105221.75,groceries,grocery_topup,False,False,False,True
TXN_AARAV_20250706_0126,2025-07-06,2025-07-06T20:56:40+05:30,e69326fa-f75f-53d1-915f-cd743d715fa5,deposit,DEBIT,CARD,2940.60,CARD/DE/MEGHANA FOODS/Bangalore dining,102281.15,eating_out,weekend_dining,False,False,True,False
TXN_AARAV_20250707_0127,2025-07-07,2025-07-07T11:35:52+05:30,e69326fa-f75f-53d1-915f-cd743d715fa5,deposit,DEBIT,UPI,135.00,UPI/DE/THIRD WAVE COFFEE/Bangalore coffee,102146.15,coffee,morning_coffee,False,False,True,False
TXN_AARAV_20250707_0128,2025-07-07,2025-07-07T12:50:00+05:30,e69326fa-f75f-53d1-915f-cd743d715fa5,deposit,DEBIT,UPI,260.00,UPI/DE/SWIGGY/Bangalore lunch,101886.15,food_delivery,lunch,False,False,True,False
TXN_AARAV_20250707_0129,2025-07-07,2025-07-07T21:50:44+05:30,e69326fa-f75f-53d1-915f-cd743d715fa5,deposit,DEBIT,UPI,280.00,UPI/DE/SWIGGY/Bangalore dinner order,101606.15,food_delivery,dinner,False,False,True,False
TXN_AARAV_20250708_0130,2025-07-08,2025-07-08T23:28:08+05:30,e69326fa-f75f-53d1-915f-cd743d715fa5,deposit,DEBIT,UPI,273.00,UPI/DE/SWIGGY/late night food,101333.15,food_delivery,late_night_food,False,False,True,False
TXN_AARAV_20250709_0131,2025-07-09,2025-07-09T09:58:57+05:30,e69326fa-f75f-53d1-915f-cd743d715fa5,deposit,DEBIT,UPI,234.00,UPI/DE/RAPIDO/Bangalore trip,101099.15,commute,cab_to_work,False,False,True,False
TXN_AARAV_20250709_0132,2025-07-09,2025-07-09T11:49:06+05:30,e69326fa-f75f-53d1-915f-cd743d715fa5,deposit,DEBIT,UPI,171.00,UPI/DE/BLUE TOKAI/Bangalore coffee,100928.15,coffee,morning_coffee,False,False,True,False
TXN_AARAV_20250709_0133,2025-07-09,2025-07-09T12:55:08+05:30,e69326fa-f75f-53d1-915f-cd743d715fa5,deposit,DEBIT,UPI,271.00,UPI/DE/ZOMATO/Bangalore lunch,100657.15,food_delivery,lunch,False,False,True,False
TXN_AARAV_20250710_0134,2025-07-10,2025-07-10T09:41:19+05:30,e69326fa-f75f-53d1-915f-cd743d715fa5,deposit,DEBIT,CARD,80.00,CARD/DE/BMRCL METRO/Bangalore fare,100577.15,commute,metro,False,False,False,False
TXN_AARAV_20250710_0135,2025-07-10,2025-07-10T10:17:12+05:30,e69326fa-f75f-53d1-915f-cd743d715fa5,deposit,DEBIT,FT,5000.00,NACH/DE/SIP MUTUAL FUND/AXIS MIDCAP FUND/JUL25,95577.15,sip,mutual_fund_sip,False,True,False,True
TXN_AARAV_20250710_0136,2025-07-10,2025-07-10T12:06:25+05:30,e69326fa-f75f-53d1-915f-cd743d715fa5,deposit,DEBIT,UPI,437.00,UPI/DE/OFFICE CANTEEN/Bangalore lunch,95140.15,food_delivery,lunch,False,False,True,False
TXN_AARAV_20250711_0137,2025-07-11,2025-07-11T09:40:57+05:30,e69326fa-f75f-53d1-915f-cd743d715fa5,deposit,DEBIT,UPI,159.00,UPI/DE/OLA/Bangalore trip,94981.15,commute,cab_to_work,False,False,True,False
TXN_AARAV_20250711_0138,2025-07-11,2025-07-11T14:26:00+05:30,e69326fa-f75f-53d1-915f-cd743d715fa5,deposit,DEBIT,UPI,250.00,UPI/DE/SWIGGY/Bangalore lunch,94731.15,food_delivery,lunch,False,False,True,False
TXN_AARAV_20250711_0139,2025-07-11,2025-07-11T21:35:46+05:30,e69326fa-f75f-53d1-915f-cd743d715fa5,deposit,DEBIT,UPI,266.00,UPI/DE/OLA/Bangalore trip,94465.15,commute,cab_from_work,False,False,True,False
TXN_AARAV_20250711_0140,2025-07-11,2025-07-11T21:37:21+05:30,e69326fa-f75f-53d1-915f-cd743d715fa5,deposit,DEBIT,CARD,1238.55,CARD/DE/TOIT/Bangalore dining,93226.60,eating_out,friday_social,False,False,True,False
TXN_AARAV_20250711_0141,2025-07-11,2025-07-11T22:43:15+05:30,e69326fa-f75f-53d1-915f-cd743d715fa5,deposit,DEBIT,UPI,395.00,UPI/DE/ZOMATO/Bangalore dinner order,92831.60,food_delivery,dinner,False,False,True,False
TXN_AARAV_20250711_0142,2025-07-11,2025-07-11T23:11:11+05:30,e69326fa-f75f-53d1-915f-cd743d715fa5,deposit,DEBIT,UPI,455.00,UPI/DE/SWIGGY/late night food,92376.60,food_delivery,late_night_food,False,False,True,False
TXN_AARAV_20250712_0143,2025-07-12,2025-07-12T02:00:20+05:30,e69326fa-f75f-53d1-915f-cd743d715fa5,deposit,DEBIT,CARD,649.00,CARD/DE/RECURRING/NETFLIX/SUBSCRIPTION,91727.60,subscription,netflix,False,True,False,True
TXN_AARAV_20250712_0144,2025-07-12,2025-07-12T10:44:43+05:30,e69326fa-f75f-53d1-915f-cd743d715fa5,deposit,DEBIT,UPI,1607.00,UPI/DE/BESCOM/ELECTRICITY BILL/JUL25,90120.60,utility,electricity,False,True,False,True
TXN_AARAV_20250712_0145,2025-07-12,2025-07-12T12:15:12+05:30,e69326fa-f75f-53d1-915f-cd743d715fa5,deposit,DEBIT,UPI,3300.00,UPI/DE/BLINKIT/Bangalore grocery,86820.60,groceries,weekly_grocery,False,False,False,True
TXN_AARAV_20250712_0146,2025-07-12,2025-07-12T17:35:12+05:30,e69326fa-f75f-53d1-915f-cd743d715fa5,deposit,DEBIT,CARD,5287.50,CARD/DE/UNIQLO/shopping,81533.10,fashion,impulse_shopping,False,False,True,False
TXN_AARAV_20250712_0147,2025-07-12,2025-07-12T18:53:11+05:30,e69326fa-f75f-53d1-915f-cd743d715fa5,deposit,DEBIT,UPI,282.00,UPI/DE/STARBUCKS/Indiranagar coffee,81251.10,coffee,weekend_coffee,False,False,True,False
TXN_AARAV_20250712_0148,2025-07-12,2025-07-12T19:18:52+05:30,e69326fa-f75f-53d1-915f-cd743d715fa5,deposit,DEBIT,CARD,1624.50,CARD/DE/EMPIRE RESTAURANT/Bangalore dining,79626.60,eating_out,weekend_dining,False,False,True,False
TXN_AARAV_20250713_0149,2025-07-13,2025-07-13T12:49:54+05:30,e69326fa-f75f-53d1-915f-cd743d715fa5,deposit,DEBIT,UPI,581.00,UPI/DE/ZOMATO/Bangalore lunch order,79045.60,food_delivery,lunch,False,False,True,False
TXN_AARAV_20250713_0150,2025-07-13,2025-07-13T18:11:23+05:30,e69326fa-f75f-53d1-915f-cd743d715fa5,deposit,DEBIT,UPI,363.00,UPI/DE/BLUE TOKAI/Indiranagar coffee,78682.60,coffee,weekend_coffee,False,False,True,False
TXN_AARAV_20250713_0151,2025-07-13,2025-07-13T22:07:48+05:30,e69326fa-f75f-53d1-915f-cd743d715fa5,deposit,DEBIT,CARD,1480.00,CARD/DE/MTR/Bangalore dining,77202.60,eating_out,weekend_dining,False,False,True,False
TXN_AARAV_20250714_0152,2025-07-14,2025-07-14T03:53:35+05:30,e69326fa-f75f-53d1-915f-cd743d715fa5,deposit,DEBIT,CARD,75.00,CARD/DE/RECURRING/ICLOUD/SUBSCRIPTION,77127.60,subscription,icloud,False,True,False,True
TXN_AARAV_20250714_0153,2025-07-14,2025-07-14T04:24:50+05:30,e69326fa-f75f-53d1-915f-cd743d715fa5,deposit,DEBIT,CARD,119.00,CARD/DE/RECURRING/SPOTIFY/SUBSCRIPTION,77008.60,subscription,spotify,False,True,False,True
TXN_AARAV_20250714_0154,2025-07-14,2025-07-14T09:29:36+05:30,e69326fa-f75f-53d1-915f-cd743d715fa5,deposit,DEBIT,CARD,56.00,CARD/DE/BMRCL METRO/Bangalore fare,76952.60,commute,metro,False,False,False,False
TXN_AARAV_20250714_0155,2025-07-14,2025-07-14T10:35:48+05:30,e69326fa-f75f-53d1-915f-cd743d715fa5,deposit,DEBIT,UPI,161.00,UPI/DE/STARBUCKS/Bangalore coffee,76791.60,coffee,morning_coffee,False,False,True,False
TXN_AARAV_20250714_0156,2025-07-14,2025-07-14T14:58:18+05:30,e69326fa-f75f-53d1-915f-cd743d715fa5,deposit,DEBIT,UPI,445.00,UPI/DE/ZOMATO/Bangalore lunch,76346.60,food_delivery,lunch,False,False,True,False
TXN_AARAV_20250714_0157,2025-07-14,2025-07-14T22:32:33+05:30,e69326fa-f75f-53d1-915f-cd743d715fa5,deposit,DEBIT,UPI,364.00,UPI/DE/ZOMATO/Bangalore dinner order,75982.60,food_delivery,dinner,False,False,True,False
TXN_AARAV_20250715_0158,2025-07-15,2025-07-15T09:03:45+05:30,e69326fa-f75f-53d1-915f-cd743d715fa5,deposit,DEBIT,UPI,225.00,UPI/DE/RAPIDO/Bangalore trip,75757.60,commute,cab_to_work,False,False,True,False
TXN_AARAV_20250715_0159,2025-07-15,2025-07-15T10:00:47+05:30,e69326fa-f75f-53d1-915f-cd743d715fa5,deposit,DEBIT,FT,999.00,FT/DE/ACT FIBERNET/BROADBAND BILL/JUL25,74758.60,utility,broadband,False,True,False,True
TXN_AARAV_20250715_0160,2025-07-15,2025-07-15T11:36:07+05:30,e69326fa-f75f-53d1-915f-cd743d715fa5,deposit,DEBIT,UPI,236.00,UPI/DE/BLUE TOKAI/Bangalore coffee,74522.60,coffee,morning_coffee,False,False,True,False
TXN_AARAV_20250715_0161,2025-07-15,2025-07-15T12:57:22+05:30,e69326fa-f75f-53d1-915f-cd743d715fa5,deposit,DEBIT,UPI,277.00,UPI/DE/OFFICE CANTEEN/Bangalore lunch,74245.60,food_delivery,lunch,False,False,True,False
TXN_AARAV_20250715_0162,2025-07-15,2025-07-15T14:31:15+05:30,e69326fa-f75f-53d1-915f-cd743d715fa5,deposit,DEBIT,UPI,447.00,UPI/DE/APOLLO PHARMACY/Bangalore pharmacy,73798.60,pharmacy,medicine,False,False,False,False
TXN_AARAV_20250715_0163,2025-07-15,2025-07-15T19:21:55+05:30,e69326fa-f75f-53d1-915f-cd743d715fa5,deposit,DEBIT,UPI,417.00,UPI/DE/SWIGGY/Bangalore dinner order,73381.60,food_delivery,dinner,False,False,True,False
TXN_AARAV_20250715_0164,2025-07-15,2025-07-15T19:26:06+05:30,e69326fa-f75f-53d1-915f-cd743d715fa5,deposit,DEBIT,UPI,378.00,UPI/DE/RAPIDO/Bangalore trip,73003.60,commute,cab_from_work,False,False,True,False
TXN_AARAV_20250716_0165,2025-07-16,2025-07-16T11:31:56+05:30,e69326fa-f75f-53d1-915f-cd743d715fa5,deposit,DEBIT,UPI,147.00,UPI/DE/THIRD WAVE COFFEE/Bangalore coffee,72856.60,coffee,morning_coffee,False,False,True,False
TXN_AARAV_20250716_0166,2025-07-16,2025-07-16T13:27:45+05:30,e69326fa-f75f-53d1-915f-cd743d715fa5,deposit,DEBIT,UPI,379.00,UPI/DE/SWIGGY/Bangalore lunch,72477.60,food_delivery,lunch,False,False,True,False
TXN_AARAV_20250717_0167,2025-07-17,2025-07-17T09:45:27+05:30,e69326fa-f75f-53d1-915f-cd743d715fa5,deposit,DEBIT,CARD,47.00,CARD/DE/BMRCL METRO/Bangalore fare,72430.60,commute,metro,False,False,False,False
TXN_AARAV_20250717_0168,2025-07-17,2025-07-17T10:35:18+05:30,e69326fa-f75f-53d1-915f-cd743d715fa5,deposit,DEBIT,UPI,189.00,UPI/DE/STARBUCKS/Bangalore coffee,72241.60,coffee,morning_coffee,False,False,True,False
TXN_AARAV_20250717_0169,2025-07-17,2025-07-17T14:59:55+05:30,e69326fa-f75f-53d1-915f-cd743d715fa5,deposit,DEBIT,UPI,237.00,UPI/DE/SWIGGY/Bangalore lunch,72004.60,food_delivery,lunch,False,False,True,False
TXN_AARAV_20250717_0170,2025-07-17,2025-07-17T19:54:30+05:30,e69326fa-f75f-53d1-915f-cd743d715fa5,deposit,DEBIT,UPI,457.00,UPI/DE/SWIGGY/Bangalore dinner order,71547.60,food_delivery,dinner,False,False,True,False
TXN_AARAV_20250718_0171,2025-07-18,2025-07-18T08:09:58+05:30,e69326fa-f75f-53d1-915f-cd743d715fa5,deposit,DEBIT,UPI,238.00,UPI/DE/RAPIDO/Bangalore trip,71309.60,commute,cab_to_work,False,False,True,False
TXN_AARAV_20250718_0172,2025-07-18,2025-07-18T12:22:00+05:30,e69326fa-f75f-53d1-915f-cd743d715fa5,deposit,DEBIT,UPI,272.00,UPI/DE/THIRD WAVE COFFEE/Bangalore coffee,71037.60,coffee,morning_coffee,False,False,True,False
TXN_AARAV_20250718_0173,2025-07-18,2025-07-18T13:30:28+05:30,e69326fa-f75f-53d1-915f-cd743d715fa5,deposit,DEBIT,UPI,217.00,UPI/DE/ZOMATO/Bangalore lunch,70820.60,food_delivery,lunch,False,False,True,False
TXN_AARAV_20250718_0174,2025-07-18,2025-07-18T14:50:59+05:30,e69326fa-f75f-53d1-915f-cd743d715fa5,deposit,DEBIT,UPI,599.00,UPI/DE/JIO/MOBILE BILL/JUL25,70221.60,utility,mobile,False,True,False,True
TXN_AARAV_20250718_0175,2025-07-18,2025-07-18T19:57:41+05:30,e69326fa-f75f-53d1-915f-cd743d715fa5,deposit,DEBIT,UPI,311.00,UPI/DE/RAPIDO/Bangalore trip,69910.60,commute,cab_from_work,False,False,True,False
TXN_AARAV_20250718_0176,2025-07-18,2025-07-18T22:40:02+05:30,e69326fa-f75f-53d1-915f-cd743d715fa5,deposit,DEBIT,CARD,1474.50,CARD/DE/TOIT/Bangalore dining,68436.10,eating_out,friday_social,False,False,True,False
TXN_AARAV_20250719_0177,2025-07-19,2025-07-19T11:40:49+05:30,e69326fa-f75f-53d1-915f-cd743d715fa5,deposit,DEBIT,UPI,1967.00,UPI/DE/ZEPTO/Bangalore grocery,66469.10,groceries,weekly_grocery,False,False,False,True
TXN_AARAV_20250719_0178,2025-07-19,2025-07-19T16:00:41+05:30,e69326fa-f75f-53d1-915f-cd743d715fa5,deposit,DEBIT,UPI,378.00,UPI/DE/STARBUCKS/Indiranagar coffee,66091.10,coffee,weekend_coffee,False,False,True,False
TXN_AARAV_20250720_0179,2025-07-20,2025-07-20T05:37:32+05:30,e69326fa-f75f-53d1-915f-cd743d715fa5,deposit,DEBIT,CARD,179.00,CARD/DE/RECURRING/AMAZON PRIME/SUBSCRIPTION,65912.10,subscription,amazon_prime,False,True,False,True
TXN_AARAV_20250720_0180,2025-07-20,2025-07-20T14:06:37+05:30,e69326fa-f75f-53d1-915f-cd743d715fa5,deposit,DEBIT,UPI,353.00,UPI/DE/SWIGGY/Bangalore lunch order,65559.10,food_delivery,lunch,False,False,True,False
TXN_AARAV_20250720_0181,2025-07-20,2025-07-20T19:06:22+05:30,e69326fa-f75f-53d1-915f-cd743d715fa5,deposit,DEBIT,UPI,1106.00,UPI/DE/BLINKIT/Bangalore grocery,64453.10,groceries,grocery_topup,False,False,False,True
TXN_AARAV_20250721_0182,2025-07-21,2025-07-21T08:38:03+05:30,e69326fa-f75f-53d1-915f-cd743d715fa5,deposit,DEBIT,CARD,61.00,CARD/DE/BMRCL METRO/Bangalore fare,64392.10,commute,metro,False,False,False,False
TXN_AARAV_20250721_0183,2025-07-21,2025-07-21T12:43:51+05:30,e69326fa-f75f-53d1-915f-cd743d715fa5,deposit,DEBIT,UPI,277.00,UPI/DE/CAFE COFFEE DAY/Bangalore coffee,64115.10,coffee,morning_coffee,False,False,True,False
TXN_AARAV_20250721_0184,2025-07-21,2025-07-21T22:55:49+05:30,e69326fa-f75f-53d1-915f-cd743d715fa5,deposit,DEBIT,UPI,401.00,UPI/DE/SWIGGY/Bangalore dinner order,63714.10,food_delivery,dinner,False,False,True,False
TXN_AARAV_20250722_0185,2025-07-22,2025-07-22T08:26:28+05:30,e69326fa-f75f-53d1-915f-cd743d715fa5,deposit,DEBIT,UPI,278.00,UPI/DE/RAPIDO/Bangalore trip,63436.10,commute,cab_to_work,False,False,True,False
TXN_AARAV_20250722_0186,2025-07-22,2025-07-22T21:04:59+05:30,e69326fa-f75f-53d1-915f-cd743d715fa5,deposit,DEBIT,UPI,393.00,UPI/DE/RAPIDO/Bangalore trip,63043.10,commute,cab_from_work,False,False,True,False
TXN_AARAV_20250723_0187,2025-07-23,2025-07-23T08:31:50+05:30,e69326fa-f75f-53d1-915f-cd743d715fa5,deposit,DEBIT,CARD,75.00,CARD/DE/BMRCL METRO/Bangalore fare,62968.10,commute,metro,False,False,False,False
TXN_AARAV_20250723_0188,2025-07-23,2025-07-23T12:48:05+05:30,e69326fa-f75f-53d1-915f-cd743d715fa5,deposit,DEBIT,UPI,167.00,UPI/DE/STARBUCKS/Bangalore coffee,62801.10,coffee,morning_coffee,False,False,True,False
TXN_AARAV_20250723_0189,2025-07-23,2025-07-23T17:09:00+05:30,e69326fa-f75f-53d1-915f-cd743d715fa5,deposit,DEBIT,UPI,557.00,UPI/DE/AMAZON/Bangalore household,62244.10,household,household_items,False,False,True,False
TXN_AARAV_20250724_0190,2025-07-24,2025-07-24T08:23:18+05:30,e69326fa-f75f-53d1-915f-cd743d715fa5,deposit,DEBIT,UPI,324.00,UPI/DE/RAPIDO/Bangalore trip,61920.10,commute,cab_to_work,False,False,True,False
TXN_AARAV_20250724_0191,2025-07-24,2025-07-24T10:29:26+05:30,e69326fa-f75f-53d1-915f-cd743d715fa5,deposit,DEBIT,UPI,124.00,UPI/DE/BLUE TOKAI/Bangalore coffee,61796.10,coffee,morning_coffee,False,False,True,False
TXN_AARAV_20250724_0192,2025-07-24,2025-07-24T14:06:27+05:30,e69326fa-f75f-53d1-915f-cd743d715fa5,deposit,DEBIT,UPI,270.00,UPI/DE/OFFICE CANTEEN/Bangalore lunch,61526.10,food_delivery,lunch,False,False,True,False
TXN_AARAV_20250724_0193,2025-07-24,2025-07-24T21:06:17+05:30,e69326fa-f75f-53d1-915f-cd743d715fa5,deposit,DEBIT,UPI,276.00,UPI/DE/RAPIDO/Bangalore trip,61250.10,commute,cab_from_work,False,False,True,False
TXN_AARAV_20250725_0194,2025-07-25,2025-07-25T09:49:32+05:30,e69326fa-f75f-53d1-915f-cd743d715fa5,deposit,DEBIT,CARD,30.00,CARD/DE/BMRCL METRO/Bangalore fare,61220.10,commute,metro,False,False,False,False
TXN_AARAV_20250726_0195,2025-07-26,2025-07-26T13:13:00+05:30,e69326fa-f75f-53d1-915f-cd743d715fa5,deposit,DEBIT,UPI,3277.50,UPI/DE/BIGBASKET/Bangalore grocery,57942.60,groceries,weekly_grocery,False,False,False,True
TXN_AARAV_20250726_0196,2025-07-26,2025-07-26T15:28:26+05:30,e69326fa-f75f-53d1-915f-cd743d715fa5,deposit,DEBIT,UPI,341.00,UPI/DE/BLUE TOKAI/Indiranagar coffee,57601.60,coffee,weekend_coffee,False,False,True,False
TXN_AARAV_20250726_0197,2025-07-26,2025-07-26T21:15:53+05:30,e69326fa-f75f-53d1-915f-cd743d715fa5,deposit,DEBIT,CARD,3271.50,CARD/DE/TRUFFLES/Bangalore dining,54330.10,eating_out,weekend_dining,False,False,True,False
TXN_AARAV_20250727_0198,2025-07-27,2025-07-27T12:58:03+05:30,e69326fa-f75f-53d1-915f-cd743d715fa5,deposit,DEBIT,UPI,338.00,UPI/DE/ZOMATO/Bangalore lunch order,53992.10,food_delivery,lunch,False,False,True,False
TXN_AARAV_20250727_0199,2025-07-27,2025-07-27T18:28:47+05:30,e69326fa-f75f-53d1-915f-cd743d715fa5,deposit,DEBIT,UPI,709.80,UPI/DE/BLINKIT/Bangalore grocery,53282.30,groceries,grocery_topup,False,False,False,True
TXN_AARAV_20250727_0200,2025-07-27,2025-07-27T22:22:44+05:30,e69326fa-f75f-53d1-915f-cd743d715fa5,deposit,DEBIT,CARD,1680.70,CARD/DE/TOIT/Bangalore dining,51601.60,eating_out,weekend_dining,False,False,True,False
TXN_AARAV_20250728_0201,2025-07-28,2025-07-28T08:41:56+05:30,e69326fa-f75f-53d1-915f-cd743d715fa5,deposit,DEBIT,CARD,34.00,CARD/DE/BMRCL METRO/Bangalore fare,51567.60,commute,metro,False,False,False,False
TXN_AARAV_20250728_0202,2025-07-28,2025-07-28T09:26:36+05:30,e69326fa-f75f-53d1-915f-cd743d715fa5,deposit,CREDIT,FT,165000.00,FT/CR/ACME TECH SALARY/JUL25,216567.60,salary,monthly_salary,True,False,False,True
TXN_AARAV_20250728_0203,2025-07-28,2025-07-28T10:59:23+05:30,e69326fa-f75f-53d1-915f-cd743d715fa5,deposit,DEBIT,UPI,214.00,UPI/DE/THIRD WAVE COFFEE/Bangalore coffee,216353.60,coffee,morning_coffee,False,False,True,False
TXN_AARAV_20250728_0204,2025-07-28,2025-07-28T14:33:51+05:30,e69326fa-f75f-53d1-915f-cd743d715fa5,deposit,DEBIT,UPI,325.00,UPI/DE/OFFICE CANTEEN/Bangalore lunch,216028.60,food_delivery,lunch,False,False,True,False
TXN_AARAV_20250728_0205,2025-07-28,2025-07-28T22:14:04+05:30,e69326fa-f75f-53d1-915f-cd743d715fa5,deposit,DEBIT,UPI,473.00,UPI/DE/ZOMATO/Bangalore dinner order,215555.60,food_delivery,dinner,False,False,True,False
TXN_AARAV_20250728_0206,2025-07-28,2025-07-28T22:55:02+05:30,e69326fa-f75f-53d1-915f-cd743d715fa5,deposit,DEBIT,UPI,426.00,UPI/DE/ZOMATO/late night food,215129.60,food_delivery,late_night_food,False,False,True,False
TXN_AARAV_20250729_0207,2025-07-29,2025-07-29T19:39:27+05:30,e69326fa-f75f-53d1-915f-cd743d715fa5,deposit,DEBIT,UPI,534.00,UPI/DE/SWIGGY/Bangalore dinner order,214595.60,food_delivery,dinner,False,False,True,False
TXN_AARAV_20250729_0208,2025-07-29,2025-07-29T20:42:54+05:30,e69326fa-f75f-53d1-915f-cd743d715fa5,deposit,DEBIT,FT,8000.00,FT/DE/INTERNAL/GOAL SAVINGS/BALI VACATION,206595.60,goal_allocation,vacation_bali,False,False,False,True
TXN_AARAV_20250729_0209,2025-07-29,2025-07-29T22:57:24+05:30,e69326fa-f75f-53d1-915f-cd743d715fa5,deposit,DEBIT,FT,10000.00,FT/DE/INTERNAL/GOAL SAVINGS/EMERGENCY FUND,196595.60,goal_allocation,emergency_fund,False,False,False,True
TXN_AARAV_20250730_0210,2025-07-30,2025-07-30T08:22:51+05:30,e69326fa-f75f-53d1-915f-cd743d715fa5,deposit,DEBIT,CARD,62.00,CARD/DE/BMRCL METRO/Bangalore fare,196533.60,commute,metro,False,False,False,False
TXN_AARAV_20250730_0211,2025-07-30,2025-07-30T11:50:25+05:30,e69326fa-f75f-53d1-915f-cd743d715fa5,deposit,DEBIT,UPI,236.00,UPI/DE/STARBUCKS/Bangalore coffee,196297.60,coffee,morning_coffee,False,False,True,False
TXN_AARAV_20250730_0212,2025-07-30,2025-07-30T14:26:13+05:30,e69326fa-f75f-53d1-915f-cd743d715fa5,deposit,DEBIT,UPI,239.00,UPI/DE/OFFICE CANTEEN/Bangalore lunch,196058.60,food_delivery,lunch,False,False,True,False
TXN_AARAV_20250730_0213,2025-07-30,2025-07-30T22:52:01+05:30,e69326fa-f75f-53d1-915f-cd743d715fa5,deposit,DEBIT,FT,6000.00,FT/DE/INTERNAL/GOAL SAVINGS/NEW LAPTOP,190058.60,goal_allocation,laptop,False,False,False,True
TXN_AARAV_20250731_0214,2025-07-31,2025-07-31T09:38:45+05:30,e69326fa-f75f-53d1-915f-cd743d715fa5,deposit,DEBIT,UPI,174.00,UPI/DE/OLA/Bangalore trip,189884.60,commute,cab_to_work,False,False,True,False
TXN_AARAV_20250731_0215,2025-07-31,2025-07-31T10:27:17+05:30,e69326fa-f75f-53d1-915f-cd743d715fa5,deposit,DEBIT,UPI,243.00,UPI/DE/CAFE COFFEE DAY/Bangalore coffee,189641.60,coffee,morning_coffee,False,False,True,False
TXN_AARAV_20250801_0216,2025-08-01,2025-08-01T10:24:08+05:30,e69326fa-f75f-53d1-915f-cd743d715fa5,deposit,DEBIT,UPI,140.00,UPI/DE/THIRD WAVE COFFEE/Bangalore coffee,189501.60,coffee,morning_coffee,False,False,True,False
TXN_AARAV_20250801_0217,2025-08-01,2025-08-01T10:59:32+05:30,e69326fa-f75f-53d1-915f-cd743d715fa5,deposit,DEBIT,UPI,168.00,UPI/DE/UBER/Bangalore trip,189333.60,commute,cab_to_work,False,False,True,False
TXN_AARAV_20250801_0218,2025-08-01,2025-08-01T13:21:48+05:30,e69326fa-f75f-53d1-915f-cd743d715fa5,deposit,DEBIT,UPI,348.00,UPI/DE/SWIGGY/Bangalore lunch,188985.60,food_delivery,lunch,False,False,True,False
TXN_AARAV_20250801_0219,2025-08-01,2025-08-01T20:03:58+05:30,e69326fa-f75f-53d1-915f-cd743d715fa5,deposit,DEBIT,UPI,301.00,UPI/DE/UBER/Bangalore trip,188684.60,commute,cab_from_work,False,False,True,False
TXN_AARAV_20250801_0220,2025-08-01,2025-08-01T21:13:23+05:30,e69326fa-f75f-53d1-915f-cd743d715fa5,deposit,DEBIT,CARD,2649.40,CARD/DE/BYG BREWSKI/Bangalore dining,186035.20,eating_out,friday_social,False,False,True,False
TXN_AARAV_20250801_0221,2025-08-01,2025-08-01T23:42:15+05:30,e69326fa-f75f-53d1-915f-cd743d715fa5,deposit,DEBIT,UPI,493.00,UPI/DE/ZOMATO/late night food,185542.20,food_delivery,late_night_food,False,False,True,False
TXN_AARAV_20250802_0222,2025-08-02,2025-08-02T11:59:16+05:30,e69326fa-f75f-53d1-915f-cd743d715fa5,deposit,DEBIT,UPI,3538.60,UPI/DE/BIGBASKET/Bangalore grocery,182003.60,groceries,weekly_grocery,False,False,False,True
TXN_AARAV_20250802_0223,2025-08-02,2025-08-02T15:19:34+05:30,e69326fa-f75f-53d1-915f-cd743d715fa5,deposit,DEBIT,CARD,3801.20,CARD/DE/AMAZON/shopping,178202.40,fashion,impulse_shopping,False,False,True,False
TXN_AARAV_20250802_0224,2025-08-02,2025-08-02T21:55:37+05:30,e69326fa-f75f-53d1-915f-cd743d715fa5,deposit,DEBIT,CARD,2303.60,CARD/DE/EMPIRE RESTAURANT/Bangalore dining,175898.80,eating_out,weekend_dining,False,False,True,False
TXN_AARAV_20250803_0225,2025-08-03,2025-08-03T14:20:19+05:30,e69326fa-f75f-53d1-915f-cd743d715fa5,deposit,DEBIT,UPI,356.00,UPI/DE/SWIGGY/Bangalore lunch order,175542.80,food_delivery,lunch,False,False,True,False
TXN_AARAV_20250803_0226,2025-08-03,2025-08-03T20:12:18+05:30,e69326fa-f75f-53d1-915f-cd743d715fa5,deposit,DEBIT,UPI,1396.20,UPI/DE/BIGBASKET/Bangalore grocery,174146.60,groceries,grocery_topup,False,False,False,True
TXN_AARAV_20250804_0227,2025-08-04,2025-08-04T09:29:09+05:30,e69326fa-f75f-53d1-915f-cd743d715fa5,deposit,DEBIT,CARD,50.00,CARD/DE/BMRCL METRO/Bangalore fare,174096.60,commute,metro,False,False,False,False
TXN_AARAV_20250804_0228,2025-08-04,2025-08-04T14:06:45+05:30,e69326fa-f75f-53d1-915f-cd743d715fa5,deposit,DEBIT,UPI,351.00,UPI/DE/ZOMATO/Bangalore lunch,173745.60,food_delivery,lunch,False,False,True,False
TXN_AARAV_20250804_0229,2025-08-04,2025-08-04T19:20:49+05:30,e69326fa-f75f-53d1-915f-cd743d715fa5,deposit,DEBIT,UPI,423.00,UPI/DE/SWIGGY/Bangalore dinner order,173322.60,food_delivery,dinner,False,False,True,False
TXN_AARAV_20250805_0230,2025-08-05,2025-08-05T11:18:42+05:30,e69326fa-f75f-53d1-915f-cd743d715fa5,deposit,DEBIT,UPI,42000.00,UPI/DE/RENT TO LANDLORD/AUG25,131322.60,rent,monthly_rent,False,True,False,True
TXN_AARAV_20250805_0231,2025-08-05,2025-08-05T14:03:17+05:30,e69326fa-f75f-53d1-915f-cd743d715fa5,deposit,DEBIT,UPI,322.00,UPI/DE/SWIGGY/Bangalore lunch,131000.60,food_delivery,lunch,False,False,True,False
TXN_AARAV_20250805_0232,2025-08-05,2025-08-05T22:44:58+05:30,e69326fa-f75f-53d1-915f-cd743d715fa5,deposit,DEBIT,UPI,539.00,UPI/DE/SWIGGY/Bangalore dinner order,130461.60,food_delivery,dinner,False,False,True,False
TXN_AARAV_20250805_0233,2025-08-05,2025-08-05T23:13:05+05:30,e69326fa-f75f-53d1-915f-cd743d715fa5,deposit,DEBIT,UPI,549.00,UPI/DE/SWIGGY/late night food,129912.60,food_delivery,late_night_food,False,False,True,False
TXN_AARAV_20250806_0234,2025-08-06,2025-08-06T10:51:41+05:30,e69326fa-f75f-53d1-915f-cd743d715fa5,deposit,DEBIT,UPI,211.00,UPI/DE/UBER/Bangalore trip,129701.60,commute,cab_to_work,False,False,True,False
TXN_AARAV_20250806_0235,2025-08-06,2025-08-06T11:42:06+05:30,e69326fa-f75f-53d1-915f-cd743d715fa5,deposit,DEBIT,UPI,164.00,UPI/DE/BLUE TOKAI/Bangalore coffee,129537.60,coffee,morning_coffee,False,False,True,False
TXN_AARAV_20250806_0236,2025-08-06,2025-08-06T12:03:03+05:30,e69326fa-f75f-53d1-915f-cd743d715fa5,deposit,DEBIT,FT,10000.00,NACH/DE/SIP MUTUAL FUND/HDFC BLUECHIP FUND/AUG25,119537.60,sip,mutual_fund_sip,False,True,False,True
TXN_AARAV_20250806_0237,2025-08-06,2025-08-06T12:15:54+05:30,e69326fa-f75f-53d1-915f-cd743d715fa5,deposit,DEBIT,UPI,446.00,UPI/DE/ZOMATO/Bangalore lunch,119091.60,food_delivery,lunch,False,False,True,False
TXN_AARAV_20250806_0238,2025-08-06,2025-08-06T19:20:48+05:30,e69326fa-f75f-53d1-915f-cd743d715fa5,deposit,DEBIT,UPI,737.00,UPI/DE/AMAZON/Bangalore household,118354.60,household,household_items,False,False,True,False
TXN_AARAV_20250806_0239,2025-08-06,2025-08-06T19:20:58+05:30,e69326fa-f75f-53d1-915f-cd743d715fa5,deposit,DEBIT,UPI,630.00,UPI/DE/ZOMATO/Bangalore dinner order,117724.60,food_delivery,dinner,False,False,True,False
TXN_AARAV_20250806_0240,2025-08-06,2025-08-06T22:42:19+05:30,e69326fa-f75f-53d1-915f-cd743d715fa5,deposit,DEBIT,UPI,368.00,UPI/DE/SWIGGY/late night food,117356.60,food_delivery,late_night_food,False,False,True,False
TXN_AARAV_20250807_0241,2025-08-07,2025-08-07T10:10:09+05:30,e69326fa-f75f-53d1-915f-cd743d715fa5,deposit,DEBIT,UPI,129.00,UPI/DE/THIRD WAVE COFFEE/Bangalore coffee,117227.60,coffee,morning_coffee,False,False,True,False
TXN_AARAV_20250807_0242,2025-08-07,2025-08-07T14:47:06+05:30,e69326fa-f75f-53d1-915f-cd743d715fa5,deposit,DEBIT,UPI,355.00,UPI/DE/OFFICE CANTEEN/Bangalore lunch,116872.60,food_delivery,lunch,False,False,True,False
TXN_AARAV_20250808_0243,2025-08-08,2025-08-08T09:20:28+05:30,e69326fa-f75f-53d1-915f-cd743d715fa5,deposit,DEBIT,CARD,30.00,CARD/DE/BMRCL METRO/Bangalore fare,116842.60,commute,metro,False,False,False,False
TXN_AARAV_20250808_0244,2025-08-08,2025-08-08T14:53:42+05:30,e69326fa-f75f-53d1-915f-cd743d715fa5,deposit,DEBIT,UPI,444.00,UPI/DE/ZOMATO/Bangalore lunch,116398.60,food_delivery,lunch,False,False,True,False
TXN_AARAV_20250808_0245,2025-08-08,2025-08-08T20:28:27+05:30,e69326fa-f75f-53d1-915f-cd743d715fa5,deposit,DEBIT,CARD,1828.50,CARD/DE/ARBOR BREWING/Bangalore dining,114570.10,eating_out,friday_social,False,False,True,False
TXN_AARAV_20250809_0246,2025-08-09,2025-08-09T12:31:48+05:30,e69326fa-f75f-53d1-915f-cd743d715fa5,deposit,DEBIT,UPI,1455.90,UPI/DE/DMART/Bangalore grocery,113114.20,groceries,weekly_grocery,False,False,False,True
TXN_AARAV_20250809_0247,2025-08-09,2025-08-09T17:05:23+05:30,e69326fa-f75f-53d1-915f-cd743d715fa5,deposit,DEBIT,UPI,416.00,UPI/DE/STARBUCKS/Indiranagar coffee,112698.20,coffee,weekend_coffee,False,False,True,False
TXN_AARAV_20250809_0248,2025-08-09,2025-08-09T21:29:48+05:30,e69326fa-f75f-53d1-915f-cd743d715fa5,deposit,DEBIT,CARD,2124.05,CARD/DE/EMPIRE RESTAURANT/Bangalore dining,110574.15,eating_out,weekend_dining,False,False,True,False
TXN_AARAV_20250810_0249,2025-08-10,2025-08-10T12:26:35+05:30,e69326fa-f75f-53d1-915f-cd743d715fa5,deposit,DEBIT,FT,5000.00,NACH/DE/SIP MUTUAL FUND/AXIS MIDCAP FUND/AUG25,105574.15,sip,mutual_fund_sip,False,True,False,True
TXN_AARAV_20250810_0250,2025-08-10,2025-08-10T14:44:47+05:30,e69326fa-f75f-53d1-915f-cd743d715fa5,deposit,DEBIT,UPI,488.00,UPI/DE/ZOMATO/Bangalore lunch order,105086.15,food_delivery,lunch,False,False,True,False
TXN_AARAV_20250810_0251,2025-08-10,2025-08-10T17:23:57+05:30,e69326fa-f75f-53d1-915f-cd743d715fa5,deposit,DEBIT,UPI,1052.00,UPI/DE/MORE SUPERMARKET/Bangalore grocery,104034.15,groceries,grocery_topup,False,False,False,True
TXN_AARAV_20250811_0252,2025-08-11,2025-08-11T10:06:13+05:30,e69326fa-f75f-53d1-915f-cd743d715fa5,deposit,DEBIT,UPI,209.00,UPI/DE/CAFE COFFEE DAY/Bangalore coffee,103825.15,coffee,morning_coffee,False,False,True,False
TXN_AARAV_20250812_0253,2025-08-12,2025-08-12T03:40:16+05:30,e69326fa-f75f-53d1-915f-cd743d715fa5,deposit,DEBIT,CARD,649.00,CARD/DE/RECURRING/NETFLIX/SUBSCRIPTION,103176.15,subscription,netflix,False,True,False,True
TXN_AARAV_20250812_0254,2025-08-12,2025-08-12T11:09:50+05:30,e69326fa-f75f-53d1-915f-cd743d715fa5,deposit,DEBIT,UPI,1355.00,UPI/DE/BESCOM/ELECTRICITY BILL/AUG25,101821.15,utility,electricity,False,True,False,True
TXN_AARAV_20250812_0255,2025-08-12,2025-08-12T12:21:16+05:30,e69326fa-f75f-53d1-915f-cd743d715fa5,deposit,DEBIT,UPI,427.00,UPI/DE/OFFICE CANTEEN/Bangalore lunch,101394.15,food_delivery,lunch,False,False,True,False
TXN_AARAV_20250812_0256,2025-08-12,2025-08-12T19:34:13+05:30,e69326fa-f75f-53d1-915f-cd743d715fa5,deposit,DEBIT,UPI,367.00,UPI/DE/SWIGGY/Bangalore dinner order,101027.15,food_delivery,dinner,False,False,True,False
TXN_AARAV_20250813_0257,2025-08-13,2025-08-13T14:06:41+05:30,e69326fa-f75f-53d1-915f-cd743d715fa5,deposit,DEBIT,UPI,229.00,UPI/DE/ZOMATO/Bangalore lunch,100798.15,food_delivery,lunch,False,False,True,False
TXN_AARAV_20250814_0258,2025-08-14,2025-08-14T02:57:33+05:30,e69326fa-f75f-53d1-915f-cd743d715fa5,deposit,DEBIT,CARD,119.00,CARD/DE/RECURRING/SPOTIFY/SUBSCRIPTION,100679.15,subscription,spotify,False,True,False,True
TXN_AARAV_20250814_0259,2025-08-14,2025-08-14T03:25:14+05:30,e69326fa-f75f-53d1-915f-cd743d715fa5,deposit,DEBIT,CARD,75.00,CARD/DE/RECURRING/ICLOUD/SUBSCRIPTION,100604.15,subscription,icloud,False,True,False,True
TXN_AARAV_20250814_0260,2025-08-14,2025-08-14T09:21:23+05:30,e69326fa-f75f-53d1-915f-cd743d715fa5,deposit,DEBIT,CARD,72.00,CARD/DE/BMRCL METRO/Bangalore fare,100532.15,commute,metro,False,False,False,False
TXN_AARAV_20250814_0261,2025-08-14,2025-08-14T13:54:24+05:30,e69326fa-f75f-53d1-915f-cd743d715fa5,deposit,DEBIT,UPI,448.00,UPI/DE/OFFICE CANTEEN/Bangalore lunch,100084.15,food_delivery,lunch,False,False,True,False
TXN_AARAV_20250814_0262,2025-08-14,2025-08-14T20:39:29+05:30,e69326fa-f75f-53d1-915f-cd743d715fa5,deposit,DEBIT,UPI,635.00,UPI/DE/ZOMATO/Bangalore dinner order,99449.15,food_delivery,dinner,False,False,True,False
TXN_AARAV_20250815_0263,2025-08-15,2025-08-15T08:57:04+05:30,e69326fa-f75f-53d1-915f-cd743d715fa5,deposit,DEBIT,CARD,70.00,CARD/DE/BMRCL METRO/Bangalore fare,99379.15,commute,metro,False,False,False,False
TXN_AARAV_20250815_0264,2025-08-15,2025-08-15T12:51:56+05:30,e69326fa-f75f-53d1-915f-cd743d715fa5,deposit,DEBIT,UPI,133.00,UPI/DE/BLUE TOKAI/Bangalore coffee,99246.15,coffee,morning_coffee,False,False,True,False
TXN_AARAV_20250815_0265,2025-08-15,2025-08-15T12:56:20+05:30,e69326fa-f75f-53d1-915f-cd743d715fa5,deposit,DEBIT,UPI,221.00,UPI/DE/ZOMATO/Bangalore lunch,99025.15,food_delivery,lunch,False,False,True,False
TXN_AARAV_20250815_0266,2025-08-15,2025-08-15T17:40:08+05:30,e69326fa-f75f-53d1-915f-cd743d715fa5,deposit,DEBIT,FT,999.00,FT/DE/ACT FIBERNET/BROADBAND BILL/AUG25,98026.15,utility,broadband,False,True,False,True
TXN_AARAV_20250816_0267,2025-08-16,2025-08-16T10:39:32+05:30,e69326fa-f75f-53d1-915f-cd743d715fa5,deposit,DEBIT,UPI,3019.50,UPI/DE/DMART/Bangalore grocery,95006.65,groceries,weekly_grocery,False,False,False,True
TXN_AARAV_20250816_0268,2025-08-16,2025-08-16T17:18:00+05:30,e69326fa-f75f-53d1-915f-cd743d715fa5,deposit,DEBIT,CARD,3514.50,CARD/DE/UNIQLO/shopping,91492.15,fashion,impulse_shopping,False,False,True,False
TXN_AARAV_20250816_0269,2025-08-16,2025-08-16T18:19:17+05:30,e69326fa-f75f-53d1-915f-cd743d715fa5,deposit,DEBIT,UPI,202.00,UPI/DE/MEDPLUS/Bangalore pharmacy,91290.15,pharmacy,medicine,False,False,False,False
TXN_AARAV_20250816_0270,2025-08-16,2025-08-16T19:58:52+05:30,e69326fa-f75f-53d1-915f-cd743d715fa5,deposit,DEBIT,CARD,3219.00,CARD/DE/EMPIRE RESTAURANT/Bangalore dining,88071.15,eating_out,weekend_dining,False,False,True,False
TXN_AARAV_20250817_0271,2025-08-17,2025-08-17T12:16:56+05:30,e69326fa-f75f-53d1-915f-cd743d715fa5,deposit,DEBIT,UPI,602.00,UPI/DE/ZOMATO/Bangalore lunch order,87469.15,food_delivery,lunch,False,False,True,False
TXN_AARAV_20250817_0272,2025-08-17,2025-08-17T20:12:27+05:30,e69326fa-f75f-53d1-915f-cd743d715fa5,deposit,DEBIT,UPI,1063.00,UPI/DE/BLINKIT/Bangalore grocery,86406.15,groceries,grocery_topup,False,False,False,True
TXN_AARAV_20250817_0273,2025-08-17,2025-08-17T20:59:50+05:30,e69326fa-f75f-53d1-915f-cd743d715fa5,deposit,DEBIT,CARD,1409.00,CARD/DE/EMPIRE RESTAURANT/Bangalore dining,84997.15,eating_out,weekend_dining,False,False,True,False
TXN_AARAV_20250818_0274,2025-08-18,2025-08-18T08:06:12+05:30,e69326fa-f75f-53d1-915f-cd743d715fa5,deposit,DEBIT,CARD,77.00,CARD/DE/BMRCL METRO/Bangalore fare,84920.15,commute,metro,False,False,False,False
TXN_AARAV_20250818_0275,2025-08-18,2025-08-18T13:03:20+05:30,e69326fa-f75f-53d1-915f-cd743d715fa5,deposit,DEBIT,UPI,394.00,UPI/DE/ZOMATO/Bangalore lunch,84526.15,food_delivery,lunch,False,False,True,False
TXN_AARAV_20250818_0276,2025-08-18,2025-08-18T15:27:06+05:30,e69326fa-f75f-53d1-915f-cd743d715fa5,deposit,DEBIT,UPI,599.00,UPI/DE/JIO/MOBILE BILL/AUG25,83927.15,utility,mobile,False,True,False,True
TXN_AARAV_20250818_0277,2025-08-18,2025-08-18T20:55:04+05:30,e69326fa-f75f-53d1-915f-cd743d715fa5,deposit,DEBIT,UPI,591.00,UPI/DE/SWIGGY/Bangalore dinner order,83336.15,food_delivery,dinner,False,False,True,False
TXN_AARAV_20250819_0278,2025-08-19,2025-08-19T09:21:32+05:30,e69326fa-f75f-53d1-915f-cd743d715fa5,deposit,DEBIT,UPI,245.00,UPI/DE/OLA/Bangalore trip,83091.15,commute,cab_to_work,False,False,True,False
TXN_AARAV_20250819_0279,2025-08-19,2025-08-19T11:14:33+05:30,e69326fa-f75f-53d1-915f-cd743d715fa5,deposit,DEBIT,UPI,182.00,UPI/DE/STARBUCKS/Bangalore coffee,82909.15,coffee,morning_coffee,False,False,True,False
TXN_AARAV_20250819_0280,2025-08-19,2025-08-19T12:47:20+05:30,e69326fa-f75f-53d1-915f-cd743d715fa5,deposit,DEBIT,UPI,382.00,UPI/DE/ZOMATO/Bangalore lunch,82527.15,food_delivery,lunch,False,False,True,False
TXN_AARAV_20250819_0281,2025-08-19,2025-08-19T17:25:48+05:30,e69326fa-f75f-53d1-915f-cd743d715fa5,deposit,DEBIT,UPI,591.00,UPI/DE/APOLLO PHARMACY/Bangalore pharmacy,81936.15,pharmacy,medicine,False,False,False,False
TXN_AARAV_20250819_0282,2025-08-19,2025-08-19T20:34:26+05:30,e69326fa-f75f-53d1-915f-cd743d715fa5,deposit,DEBIT,UPI,185.00,UPI/DE/OLA/Bangalore trip,81751.15,commute,cab_from_work,False,False,True,False
TXN_AARAV_20250819_0283,2025-08-19,2025-08-19T21:11:17+05:30,e69326fa-f75f-53d1-915f-cd743d715fa5,deposit,DEBIT,UPI,538.00,UPI/DE/SWIGGY/Bangalore dinner order,81213.15,food_delivery,dinner,False,False,True,False
TXN_AARAV_20250820_0284,2025-08-20,2025-08-20T05:58:36+05:30,e69326fa-f75f-53d1-915f-cd743d715fa5,deposit,DEBIT,CARD,179.00,CARD/DE/RECURRING/AMAZON PRIME/SUBSCRIPTION,81034.15,subscription,amazon_prime,False,True,False,True
TXN_AARAV_20250820_0285,2025-08-20,2025-08-20T09:50:09+05:30,e69326fa-f75f-53d1-915f-cd743d715fa5,deposit,DEBIT,CARD,57.00,CARD/DE/BMRCL METRO/Bangalore fare,80977.15,commute,metro,False,False,False,False
TXN_AARAV_20250820_0286,2025-08-20,2025-08-20T12:00:38+05:30,e69326fa-f75f-53d1-915f-cd743d715fa5,deposit,DEBIT,UPI,243.00,UPI/DE/SWIGGY/Bangalore lunch,80734.15,food_delivery,lunch,False,False,True,False
TXN_AARAV_20250820_0287,2025-08-20,2025-08-20T12:08:17+05:30,e69326fa-f75f-53d1-915f-cd743d715fa5,deposit,DEBIT,UPI,153.00,UPI/DE/THIRD WAVE COFFEE/Bangalore coffee,80581.15,coffee,morning_coffee,False,False,True,False
TXN_AARAV_20250821_0288,2025-08-21,2025-08-21T08:48:08+05:30,e69326fa-f75f-53d1-915f-cd743d715fa5,deposit,DEBIT,CARD,78.00,CARD/DE/BMRCL METRO/Bangalore fare,80503.15,commute,metro,False,False,False,False
TXN_AARAV_20250821_0289,2025-08-21,2025-08-21T13:12:05+05:30,e69326fa-f75f-53d1-915f-cd743d715fa5,deposit,DEBIT,UPI,202.00,UPI/DE/ZOMATO/Bangalore lunch,80301.15,food_delivery,lunch,False,False,True,False
TXN_AARAV_20250821_0290,2025-08-21,2025-08-21T20:38:27+05:30,e69326fa-f75f-53d1-915f-cd743d715fa5,deposit,DEBIT,UPI,416.00,UPI/DE/SWIGGY/Bangalore dinner order,79885.15,food_delivery,dinner,False,False,True,False
TXN_AARAV_20250822_0291,2025-08-22,2025-08-22T08:49:11+05:30,e69326fa-f75f-53d1-915f-cd743d715fa5,deposit,DEBIT,UPI,164.00,UPI/DE/RAPIDO/Bangalore trip,79721.15,commute,cab_to_work,False,False,True,False
TXN_AARAV_20250822_0292,2025-08-22,2025-08-22T12:24:59+05:30,e69326fa-f75f-53d1-915f-cd743d715fa5,deposit,DEBIT,UPI,225.00,UPI/DE/STARBUCKS/Bangalore coffee,79496.15,coffee,morning_coffee,False,False,True,False
TXN_AARAV_20250822_0293,2025-08-22,2025-08-22T13:30:17+05:30,e69326fa-f75f-53d1-915f-cd743d715fa5,deposit,DEBIT,UPI,290.00,UPI/DE/OFFICE CANTEEN/Bangalore lunch,79206.15,food_delivery,lunch,False,False,True,False
TXN_AARAV_20250822_0294,2025-08-22,2025-08-22T21:32:27+05:30,e69326fa-f75f-53d1-915f-cd743d715fa5,deposit,DEBIT,UPI,491.00,UPI/DE/SWIGGY/Bangalore dinner order,78715.15,food_delivery,dinner,False,False,True,False
TXN_AARAV_20250822_0295,2025-08-22,2025-08-22T21:45:34+05:30,e69326fa-f75f-53d1-915f-cd743d715fa5,deposit,DEBIT,UPI,272.00,UPI/DE/RAPIDO/Bangalore trip,78443.15,commute,cab_from_work,False,False,True,False
TXN_AARAV_20250822_0296,2025-08-22,2025-08-22T22:03:25+05:30,e69326fa-f75f-53d1-915f-cd743d715fa5,deposit,DEBIT,UPI,463.00,UPI/DE/SWIGGY/late night food,77980.15,food_delivery,late_night_food,False,False,True,False
TXN_AARAV_20250822_0297,2025-08-22,2025-08-22T22:44:03+05:30,e69326fa-f75f-53d1-915f-cd743d715fa5,deposit,DEBIT,CARD,1975.20,CARD/DE/BIERE CLUB/Bangalore dining,76004.95,eating_out,friday_social,False,False,True,False
TXN_AARAV_20250823_0298,2025-08-23,2025-08-23T13:29:05+05:30,e69326fa-f75f-53d1-915f-cd743d715fa5,deposit,DEBIT,UPI,2409.40,UPI/DE/MORE SUPERMARKET/Bangalore grocery,73595.55,groceries,weekly_grocery,False,False,False,True
TXN_AARAV_20250823_0299,2025-08-23,2025-08-23T15:37:15+05:30,e69326fa-f75f-53d1-915f-cd743d715fa5,deposit,DEBIT,UPI,355.00,UPI/DE/THIRD WAVE COFFEE/Indiranagar coffee,73240.55,coffee,weekend_coffee,False,False,True,False
TXN_AARAV_20250823_0300,2025-08-23,2025-08-23T17:40:57+05:30,e69326fa-f75f-53d1-915f-cd743d715fa5,deposit,DEBIT,CARD,1014.30,CARD/DE/FLIPKART/shopping,72226.25,fashion,impulse_shopping,False,False,True,False
TXN_AARAV_20250824_0301,2025-08-24,2025-08-24T17:30:07+05:30,e69326fa-f75f-53d1-915f-cd743d715fa5,deposit,DEBIT,UPI,326.90,UPI/DE/DMART/Bangalore grocery,71899.35,groceries,grocery_topup,False,False,False,True
TXN_AARAV_20250825_0302,2025-08-25,2025-08-25T08:41:45+05:30,e69326fa-f75f-53d1-915f-cd743d715fa5,deposit,DEBIT,CARD,30.00,CARD/DE/BMRCL METRO/Bangalore fare,71869.35,commute,metro,False,False,False,False
TXN_AARAV_20250825_0303,2025-08-25,2025-08-25T14:58:39+05:30,e69326fa-f75f-53d1-915f-cd743d715fa5,deposit,DEBIT,UPI,308.00,UPI/DE/SWIGGY/Bangalore lunch,71561.35,food_delivery,lunch,False,False,True,False
TXN_AARAV_20250825_0304,2025-08-25,2025-08-25T20:25:32+05:30,e69326fa-f75f-53d1-915f-cd743d715fa5,deposit,DEBIT,UPI,330.00,UPI/DE/ZOMATO/Bangalore dinner order,71231.35,food_delivery,dinner,False,False,True,False
TXN_AARAV_20250826_0305,2025-08-26,2025-08-26T08:55:25+05:30,e69326fa-f75f-53d1-915f-cd743d715fa5,deposit,DEBIT,CARD,45.00,CARD/DE/BMRCL METRO/Bangalore fare,71186.35,commute,metro,False,False,False,False
TXN_AARAV_20250826_0306,2025-08-26,2025-08-26T12:13:50+05:30,e69326fa-f75f-53d1-915f-cd743d715fa5,deposit,DEBIT,UPI,263.00,UPI/DE/STARBUCKS/Bangalore coffee,70923.35,coffee,morning_coffee,False,False,True,False
TXN_AARAV_20250826_0307,2025-08-26,2025-08-26T13:30:00+05:30,e69326fa-f75f-53d1-915f-cd743d715fa5,deposit,DEBIT,UPI,324.00,UPI/DE/SWIGGY/Bangalore lunch,70599.35,food_delivery,lunch,False,False,True,False
TXN_AARAV_20250826_0308,2025-08-26,2025-08-26T22:10:04+05:30,e69326fa-f75f-53d1-915f-cd743d715fa5,deposit,DEBIT,UPI,615.00,UPI/DE/ZOMATO/Bangalore dinner order,69984.35,food_delivery,dinner,False,False,True,False
TXN_AARAV_20250827_0309,2025-08-27,2025-08-27T08:57:11+05:30,e69326fa-f75f-53d1-915f-cd743d715fa5,deposit,DEBIT,CARD,67.00,CARD/DE/BMRCL METRO/Bangalore fare,69917.35,commute,metro,False,False,False,False
TXN_AARAV_20250827_0310,2025-08-27,2025-08-27T12:37:48+05:30,e69326fa-f75f-53d1-915f-cd743d715fa5,deposit,DEBIT,UPI,412.00,UPI/DE/SWIGGY/Bangalore lunch,69505.35,food_delivery,lunch,False,False,True,False
TXN_AARAV_20250827_0311,2025-08-27,2025-08-27T23:21:35+05:30,e69326fa-f75f-53d1-915f-cd743d715fa5,deposit,DEBIT,UPI,321.00,UPI/DE/SWIGGY/late night food,69184.35,food_delivery,late_night_food,False,False,True,False
TXN_AARAV_20250828_0312,2025-08-28,2025-08-28T09:19:59+05:30,e69326fa-f75f-53d1-915f-cd743d715fa5,deposit,DEBIT,UPI,197.00,UPI/DE/UBER/Bangalore trip,68987.35,commute,cab_to_work,False,False,True,False
TXN_AARAV_20250828_0313,2025-08-28,2025-08-28T10:20:26+05:30,e69326fa-f75f-53d1-915f-cd743d715fa5,deposit,DEBIT,UPI,135.00,UPI/DE/CAFE COFFEE DAY/Bangalore coffee,68852.35,coffee,morning_coffee,False,False,True,False
TXN_AARAV_20250828_0314,2025-08-28,2025-08-28T10:56:51+05:30,e69326fa-f75f-53d1-915f-cd743d715fa5,deposit,DEBIT,ATM,10000.00,ATM/DE/HDFC ATM BANGALORE/CASH WITHDRAWAL,58852.35,cash_withdrawal,atm,False,False,False,False
TXN_AARAV_20250828_0315,2025-08-28,2025-08-28T11:02:54+05:30,e69326fa-f75f-53d1-915f-cd743d715fa5,deposit,CREDIT,FT,165000.00,FT/CR/ACME TECH SALARY/AUG25,223852.35,salary,monthly_salary,True,False,False,True
TXN_AARAV_20250828_0316,2025-08-28,2025-08-28T13:21:57+05:30,e69326fa-f75f-53d1-915f-cd743d715fa5,deposit,DEBIT,UPI,237.00,UPI/DE/ZOMATO/Bangalore lunch,223615.35,food_delivery,lunch,False,False,True,False
TXN_AARAV_20250828_0317,2025-08-28,2025-08-28T18:30:48+05:30,e69326fa-f75f-53d1-915f-cd743d715fa5,deposit,DEBIT,UPI,183.00,UPI/DE/UBER/Bangalore trip,223432.35,commute,cab_from_work,False,False,True,False
TXN_AARAV_20250828_0318,2025-08-28,2025-08-28T19:57:04+05:30,e69326fa-f75f-53d1-915f-cd743d715fa5,deposit,DEBIT,UPI,294.00,UPI/DE/ZOMATO/Bangalore dinner order,223138.35,food_delivery,dinner,False,False,True,False
TXN_AARAV_20250829_0319,2025-08-29,2025-08-29T09:10:34+05:30,e69326fa-f75f-53d1-915f-cd743d715fa5,deposit,DEBIT,CARD,75.00,CARD/DE/BMRCL METRO/Bangalore fare,223063.35,commute,metro,False,False,False,False
TXN_AARAV_20250829_0320,2025-08-29,2025-08-29T10:22:47+05:30,e69326fa-f75f-53d1-915f-cd743d715fa5,deposit,DEBIT,UPI,191.00,UPI/DE/CAFE COFFEE DAY/Bangalore coffee,222872.35,coffee,morning_coffee,False,False,True,False
TXN_AARAV_20250829_0321,2025-08-29,2025-08-29T13:18:07+05:30,e69326fa-f75f-53d1-915f-cd743d715fa5,deposit,DEBIT,UPI,341.00,UPI/DE/OFFICE CANTEEN/Bangalore lunch,222531.35,food_delivery,lunch,False,False,True,False
TXN_AARAV_20250829_0322,2025-08-29,2025-08-29T20:44:52+05:30,e69326fa-f75f-53d1-915f-cd743d715fa5,deposit,DEBIT,FT,10000.00,FT/DE/INTERNAL/GOAL SAVINGS/EMERGENCY FUND,212531.35,goal_allocation,emergency_fund,False,False,False,True
TXN_AARAV_20250829_0323,2025-08-29,2025-08-29T21:15:11+05:30,e69326fa-f75f-53d1-915f-cd743d715fa5,deposit,DEBIT,FT,8000.00,FT/DE/INTERNAL/GOAL SAVINGS/BALI VACATION,204531.35,goal_allocation,vacation_bali,False,False,False,True
TXN_AARAV_20250829_0324,2025-08-29,2025-08-29T21:48:15+05:30,e69326fa-f75f-53d1-915f-cd743d715fa5,deposit,DEBIT,CARD,2286.70,CARD/DE/BYG BREWSKI/Bangalore dining,202244.65,eating_out,friday_social,False,False,True,False
TXN_AARAV_20250829_0325,2025-08-29,2025-08-29T21:58:56+05:30,e69326fa-f75f-53d1-915f-cd743d715fa5,deposit,DEBIT,UPI,411.00,UPI/DE/ZOMATO/Bangalore dinner order,201833.65,food_delivery,dinner,False,False,True,False
TXN_AARAV_20250830_0326,2025-08-30,2025-08-30T12:02:19+05:30,e69326fa-f75f-53d1-915f-cd743d715fa5,deposit,DEBIT,UPI,4401.80,UPI/DE/DMART/Bangalore grocery,197431.85,groceries,weekly_grocery,False,False,False,True
TXN_AARAV_20250830_0327,2025-08-30,2025-08-30T14:09:02+05:30,e69326fa-f75f-53d1-915f-cd743d715fa5,deposit,DEBIT,CARD,4095.00,CARD/DE/MYNTRA/shopping,193336.85,fashion,impulse_shopping,False,False,True,False
TXN_AARAV_20250830_0328,2025-08-30,2025-08-30T21:14:30+05:30,e69326fa-f75f-53d1-915f-cd743d715fa5,deposit,DEBIT,CARD,1622.40,CARD/DE/TOIT/Bangalore dining,191714.45,eating_out,weekend_dining,False,False,True,False
TXN_AARAV_20250830_0329,2025-08-30,2025-08-30T22:11:56+05:30,e69326fa-f75f-53d1-915f-cd743d715fa5,deposit,DEBIT,FT,6000.00,FT/DE/INTERNAL/GOAL SAVINGS/NEW LAPTOP,185714.45,goal_allocation,laptop,False,False,False,True
TXN_AARAV_20250831_0330,2025-08-31,2025-08-31T18:51:22+05:30,e69326fa-f75f-53d1-915f-cd743d715fa5,deposit,DEBIT,UPI,797.00,UPI/DE/MEDPLUS/Bangalore pharmacy,184917.45,pharmacy,medicine,False,False,False,False
TXN_AARAV_20250831_0331,2025-08-31,2025-08-31T20:34:50+05:30,e69326fa-f75f-53d1-915f-cd743d715fa5,deposit,DEBIT,CARD,1601.60,CARD/DE/EMPIRE RESTAURANT/Bangalore dining,183315.85,eating_out,weekend_dining,False,False,True,False
TXN_AARAV_20250901_0332,2025-09-01,2025-09-01T09:39:21+05:30,e69326fa-f75f-53d1-915f-cd743d715fa5,deposit,DEBIT,CARD,49.00,CARD/DE/BMRCL METRO/Bangalore fare,183266.85,commute,metro,False,False,False,False
TXN_AARAV_20250901_0333,2025-09-01,2025-09-01T12:56:56+05:30,e69326fa-f75f-53d1-915f-cd743d715fa5,deposit,DEBIT,UPI,134.00,UPI/DE/CAFE COFFEE DAY/Bangalore coffee,183132.85,coffee,morning_coffee,False,False,True,False
TXN_AARAV_20250901_0334,2025-09-01,2025-09-01T14:51:25+05:30,e69326fa-f75f-53d1-915f-cd743d715fa5,deposit,DEBIT,UPI,300.00,UPI/DE/OFFICE CANTEEN/Bangalore lunch,182832.85,food_delivery,lunch,False,False,True,False
TXN_AARAV_20250902_0335,2025-09-02,2025-09-02T08:38:10+05:30,e69326fa-f75f-53d1-915f-cd743d715fa5,deposit,DEBIT,CARD,68.00,CARD/DE/BMRCL METRO/Bangalore fare,182764.85,commute,metro,False,False,False,False
TXN_AARAV_20250902_0336,2025-09-02,2025-09-02T12:37:42+05:30,e69326fa-f75f-53d1-915f-cd743d715fa5,deposit,DEBIT,UPI,213.00,UPI/DE/OFFICE CANTEEN/Bangalore lunch,182551.85,food_delivery,lunch,False,False,True,False
TXN_AARAV_20250903_0337,2025-09-03,2025-09-03T09:17:09+05:30,e69326fa-f75f-53d1-915f-cd743d715fa5,deposit,DEBIT,UPI,350.00,UPI/DE/OLA/Bangalore trip,182201.85,commute,cab_to_work,False,False,True,False
TXN_AARAV_20250903_0338,2025-09-03,2025-09-03T11:15:47+05:30,e69326fa-f75f-53d1-915f-cd743d715fa5,deposit,DEBIT,UPI,189.00,UPI/DE/CAFE COFFEE DAY/Bangalore coffee,182012.85,coffee,morning_coffee,False,False,True,False
TXN_AARAV_20250903_0339,2025-09-03,2025-09-03T13:42:45+05:30,e69326fa-f75f-53d1-915f-cd743d715fa5,deposit,DEBIT,UPI,419.00,UPI/DE/OFFICE CANTEEN/Bangalore lunch,181593.85,food_delivery,lunch,False,False,True,False
TXN_AARAV_20250903_0340,2025-09-03,2025-09-03T19:25:10+05:30,e69326fa-f75f-53d1-915f-cd743d715fa5,deposit,DEBIT,UPI,293.00,UPI/DE/SWIGGY/Bangalore dinner order,181300.85,food_delivery,dinner,False,False,True,False
TXN_AARAV_20250903_0341,2025-09-03,2025-09-03T19:36:29+05:30,e69326fa-f75f-53d1-915f-cd743d715fa5,deposit,DEBIT,UPI,311.00,UPI/DE/OLA/Bangalore trip,180989.85,commute,cab_from_work,False,False,True,False
TXN_AARAV_20250904_0342,2025-09-04,2025-09-04T08:40:51+05:30,e69326fa-f75f-53d1-915f-cd743d715fa5,deposit,DEBIT,CARD,73.00,CARD/DE/BMRCL METRO/Bangalore fare,180916.85,commute,metro,False,False,False,False
TXN_AARAV_20250904_0343,2025-09-04,2025-09-04T11:09:01+05:30,e69326fa-f75f-53d1-915f-cd743d715fa5,deposit,DEBIT,UPI,259.00,UPI/DE/CAFE COFFEE DAY/Bangalore coffee,180657.85,coffee,morning_coffee,False,False,True,False
TXN_AARAV_20250904_0344,2025-09-04,2025-09-04T12:44:39+05:30,e69326fa-f75f-53d1-915f-cd743d715fa5,deposit,DEBIT,UPI,402.00,UPI/DE/SWIGGY/Bangalore lunch,180255.85,food_delivery,lunch,False,False,True,False
TXN_AARAV_20250904_0345,2025-09-04,2025-09-04T19:44:27+05:30,e69326fa-f75f-53d1-915f-cd743d715fa5,deposit,DEBIT,UPI,603.00,UPI/DE/ZOMATO/Bangalore dinner order,179652.85,food_delivery,dinner,False,False,True,False
TXN_AARAV_20250905_0346,2025-09-05,2025-09-05T09:06:15+05:30,e69326fa-f75f-53d1-915f-cd743d715fa5,deposit,DEBIT,UPI,42000.00,UPI/DE/RENT TO LANDLORD/SEP25,137652.85,rent,monthly_rent,False,True,False,True
TXN_AARAV_20250905_0347,2025-09-05,2025-09-05T09:53:24+05:30,e69326fa-f75f-53d1-915f-cd743d715fa5,deposit,DEBIT,UPI,332.00,UPI/DE/UBER/Bangalore trip,137320.85,commute,cab_to_work,False,False,True,False
TXN_AARAV_20250905_0348,2025-09-05,2025-09-05T12:26:30+05:30,e69326fa-f75f-53d1-915f-cd743d715fa5,deposit,DEBIT,UPI,271.00,UPI/DE/STARBUCKS/Bangalore coffee,137049.85,coffee,morning_coffee,False,False,True,False
TXN_AARAV_20250905_0349,2025-09-05,2025-09-05T13:28:48+05:30,e69326fa-f75f-53d1-915f-cd743d715fa5,deposit,DEBIT,UPI,306.00,UPI/DE/ZOMATO/Bangalore lunch,136743.85,food_delivery,lunch,False,False,True,False
TXN_AARAV_20250905_0350,2025-09-05,2025-09-05T18:07:48+05:30,e69326fa-f75f-53d1-915f-cd743d715fa5,deposit,DEBIT,ATM,5000.00,ATM/DE/HDFC ATM BANGALORE/CASH WITHDRAWAL,131743.85,cash_withdrawal,atm,False,False,False,False
TXN_AARAV_20250905_0351,2025-09-05,2025-09-05T19:23:11+05:30,e69326fa-f75f-53d1-915f-cd743d715fa5,deposit,DEBIT,UPI,219.00,UPI/DE/UBER/Bangalore trip,131524.85,commute,cab_from_work,False,False,True,False
TXN_AARAV_20250905_0352,2025-09-05,2025-09-05T22:49:23+05:30,e69326fa-f75f-53d1-915f-cd743d715fa5,deposit,DEBIT,CARD,2516.80,CARD/DE/ARBOR BREWING/Bangalore dining,129008.05,eating_out,friday_social,False,False,True,False
TXN_AARAV_20250906_0353,2025-09-06,2025-09-06T10:29:09+05:30,e69326fa-f75f-53d1-915f-cd743d715fa5,deposit,DEBIT,FT,10000.00,NACH/DE/SIP MUTUAL FUND/HDFC BLUECHIP FUND/SEP25,119008.05,sip,mutual_fund_sip,False,True,False,True
TXN_AARAV_20250906_0354,2025-09-06,2025-09-06T13:17:36+05:30,e69326fa-f75f-53d1-915f-cd743d715fa5,deposit,DEBIT,UPI,3707.60,UPI/DE/ZEPTO/Bangalore grocery,115300.45,groceries,weekly_grocery,False,False,False,True
TXN_AARAV_20250906_0355,2025-09-06,2025-09-06T14:38:44+05:30,e69326fa-f75f-53d1-915f-cd743d715fa5,deposit,DEBIT,CARD,3057.60,CARD/DE/AMAZON/shopping,112242.85,fashion,impulse_shopping,False,False,True,False
TXN_AARAV_20250906_0356,2025-09-06,2025-09-06T18:54:12+05:30,e69326fa-f75f-53d1-915f-cd743d715fa5,deposit,DEBIT,UPI,274.00,UPI/DE/CAFE COFFEE DAY/Indiranagar coffee,111968.85,coffee,weekend_coffee,False,False,True,False
TXN_AARAV_20250906_0357,2025-09-06,2025-09-06T20:37:39+05:30,e69326fa-f75f-53d1-915f-cd743d715fa5,deposit,DEBIT,CARD,1950.00,CARD/DE/EMPIRE RESTAURANT/Bangalore dining,110018.85,eating_out,weekend_dining,False,False,True,False
TXN_AARAV_20250907_0358,2025-09-07,2025-09-07T12:39:27+05:30,e69326fa-f75f-53d1-915f-cd743d715fa5,deposit,DEBIT,UPI,559.00,UPI/DE/ZOMATO/Bangalore lunch order,109459.85,food_delivery,lunch,False,False,True,False
TXN_AARAV_20250907_0359,2025-09-07,2025-09-07T13:33:27+05:30,e69326fa-f75f-53d1-915f-cd743d715fa5,deposit,DEBIT,UPI,451.00,UPI/DE/MEDPLUS/Bangalore pharmacy,109008.85,pharmacy,medicine,False,False,False,False
TXN_AARAV_20250907_0360,2025-09-07,2025-09-07T18:01:48+05:30,e69326fa-f75f-53d1-915f-cd743d715fa5,deposit,DEBIT,UPI,314.00,UPI/DE/THIRD WAVE COFFEE/Indiranagar coffee,108694.85,coffee,weekend_coffee,False,False,True,False
TXN_AARAV_20250907_0361,2025-09-07,2025-09-07T20:09:51+05:30,e69326fa-f75f-53d1-915f-cd743d715fa5,deposit,DEBIT,UPI,1388.40,UPI/DE/BLINKIT/Bangalore grocery,107306.45,groceries,grocery_topup,False,False,False,True
TXN_AARAV_20250907_0362,2025-09-07,2025-09-07T20:36:34+05:30,e69326fa-f75f-53d1-915f-cd743d715fa5,deposit,DEBIT,CARD,1771.90,CARD/DE/TOIT/Bangalore dining,105534.55,eating_out,weekend_dining,False,False,True,False
TXN_AARAV_20250908_0363,2025-09-08,2025-09-08T09:41:22+05:30,e69326fa-f75f-53d1-915f-cd743d715fa5,deposit,DEBIT,CARD,60.00,CARD/DE/BMRCL METRO/Bangalore fare,105474.55,commute,metro,False,False,False,False
TXN_AARAV_20250908_0364,2025-09-08,2025-09-08T12:36:23+05:30,e69326fa-f75f-53d1-915f-cd743d715fa5,deposit,DEBIT,UPI,200.00,UPI/DE/ZOMATO/Bangalore lunch,105274.55,food_delivery,lunch,False,False,True,False
TXN_AARAV_20250908_0365,2025-09-08,2025-09-08T19:10:14+05:30,e69326fa-f75f-53d1-915f-cd743d715fa5,deposit,DEBIT,UPI,405.00,UPI/DE/SWIGGY/Bangalore dinner order,104869.55,food_delivery,dinner,False,False,True,False
TXN_AARAV_20250909_0366,2025-09-09,2025-09-09T12:03:07+05:30,e69326fa-f75f-53d1-915f-cd743d715fa5,deposit,DEBIT,UPI,232.00,UPI/DE/CAFE COFFEE DAY/Bangalore coffee,104637.55,coffee,morning_coffee,False,False,True,False
TXN_AARAV_20250909_0367,2025-09-09,2025-09-09T12:56:41+05:30,e69326fa-f75f-53d1-915f-cd743d715fa5,deposit,DEBIT,UPI,405.00,UPI/DE/OFFICE CANTEEN/Bangalore lunch,104232.55,food_delivery,lunch,False,False,True,False
TXN_AARAV_20250910_0368,2025-09-10,2025-09-10T09:09:06+05:30,e69326fa-f75f-53d1-915f-cd743d715fa5,deposit,DEBIT,CARD,67.00,CARD/DE/BMRCL METRO/Bangalore fare,104165.55,commute,metro,False,False,False,False
TXN_AARAV_20250910_0369,2025-09-10,2025-09-10T10:27:15+05:30,e69326fa-f75f-53d1-915f-cd743d715fa5,deposit,DEBIT,FT,5000.00,NACH/DE/SIP MUTUAL FUND/AXIS MIDCAP FUND/SEP25,99165.55,sip,mutual_fund_sip,False,True,False,True
TXN_AARAV_20250910_0370,2025-09-10,2025-09-10T11:18:23+05:30,e69326fa-f75f-53d1-915f-cd743d715fa5,deposit,DEBIT,UPI,144.00,UPI/DE/THIRD WAVE COFFEE/Bangalore coffee,99021.55,coffee,morning_coffee,False,False,True,False
TXN_AARAV_20250910_0371,2025-09-10,2025-09-10T14:39:17+05:30,e69326fa-f75f-53d1-915f-cd743d715fa5,deposit,DEBIT,UPI,360.00,UPI/DE/OFFICE CANTEEN/Bangalore lunch,98661.55,food_delivery,lunch,False,False,True,False
TXN_AARAV_20250910_0372,2025-09-10,2025-09-10T22:35:29+05:30,e69326fa-f75f-53d1-915f-cd743d715fa5,deposit,DEBIT,UPI,547.00,UPI/DE/SWIGGY/Bangalore dinner order,98114.55,food_delivery,dinner,False,False,True,False
TXN_AARAV_20250911_0373,2025-09-11,2025-09-11T08:55:02+05:30,e69326fa-f75f-53d1-915f-cd743d715fa5,deposit,DEBIT,UPI,167.00,UPI/DE/UBER/Bangalore trip,97947.55,commute,cab_to_work,False,False,True,False
TXN_AARAV_20250911_0374,2025-09-11,2025-09-11T18:32:59+05:30,e69326fa-f75f-53d1-915f-cd743d715fa5,deposit,DEBIT,UPI,198.00,UPI/DE/UBER/Bangalore trip,97749.55,commute,cab_from_work,False,False,True,False
TXN_AARAV_20250912_0375,2025-09-12,2025-09-12T03:46:59+05:30,e69326fa-f75f-53d1-915f-cd743d715fa5,deposit,DEBIT,CARD,649.00,CARD/DE/RECURRING/NETFLIX/SUBSCRIPTION,97100.55,subscription,netflix,False,True,False,True
TXN_AARAV_20250912_0376,2025-09-12,2025-09-12T12:41:49+05:30,e69326fa-f75f-53d1-915f-cd743d715fa5,deposit,DEBIT,UPI,253.00,UPI/DE/ZOMATO/Bangalore lunch,96847.55,food_delivery,lunch,False,False,True,False
TXN_AARAV_20250912_0377,2025-09-12,2025-09-12T15:54:36+05:30,e69326fa-f75f-53d1-915f-cd743d715fa5,deposit,DEBIT,UPI,1699.00,UPI/DE/BESCOM/ELECTRICITY BILL/SEP25,95148.55,utility,electricity,False,True,False,True
TXN_AARAV_20250912_0378,2025-09-12,2025-09-12T22:18:33+05:30,e69326fa-f75f-53d1-915f-cd743d715fa5,deposit,DEBIT,CARD,3229.50,CARD/DE/BIERE CLUB/Bangalore dining,91919.05,eating_out,friday_social,False,False,True,False
TXN_AARAV_20250913_0379,2025-09-13,2025-09-13T13:27:35+05:30,e69326fa-f75f-53d1-915f-cd743d715fa5,deposit,DEBIT,UPI,2165.00,UPI/DE/ZEPTO/Bangalore grocery,89754.05,groceries,weekly_grocery,False,False,False,True
TXN_AARAV_20250913_0380,2025-09-13,2025-09-13T15:37:24+05:30,e69326fa-f75f-53d1-915f-cd743d715fa5,deposit,DEBIT,CARD,3830.00,CARD/DE/AMAZON/shopping,85924.05,fashion,impulse_shopping,False,False,True,False
TXN_AARAV_20250913_0381,2025-09-13,2025-09-13T22:56:46+05:30,e69326fa-f75f-53d1-915f-cd743d715fa5,deposit,DEBIT,CARD,1015.00,CARD/DE/MTR/Bangalore dining,84909.05,eating_out,weekend_dining,False,False,True,False
TXN_AARAV_20250914_0382,2025-09-14,2025-09-14T01:34:25+05:30,e69326fa-f75f-53d1-915f-cd743d715fa5,deposit,DEBIT,CARD,119.00,CARD/DE/RECURRING/SPOTIFY/SUBSCRIPTION,84790.05,subscription,spotify,False,True,False,True
TXN_AARAV_20250914_0383,2025-09-14,2025-09-14T05:05:49+05:30,e69326fa-f75f-53d1-915f-cd743d715fa5,deposit,DEBIT,CARD,75.00,CARD/DE/RECURRING/ICLOUD/SUBSCRIPTION,84715.05,subscription,icloud,False,True,False,True
TXN_AARAV_20250914_0384,2025-09-14,2025-09-14T13:17:12+05:30,e69326fa-f75f-53d1-915f-cd743d715fa5,deposit,DEBIT,UPI,477.00,UPI/DE/ZOMATO/Bangalore lunch order,84238.05,food_delivery,lunch,False,False,True,False
TXN_AARAV_20250914_0385,2025-09-14,2025-09-14T20:13:11+05:30,e69326fa-f75f-53d1-915f-cd743d715fa5,deposit,DEBIT,CARD,1600.00,CARD/DE/MEGHANA FOODS/Bangalore dining,82638.05,eating_out,weekend_dining,False,False,True,False
TXN_AARAV_20250915_0386,2025-09-15,2025-09-15T08:30:40+05:30,e69326fa-f75f-53d1-915f-cd743d715fa5,deposit,DEBIT,CARD,63.00,CARD/DE/BMRCL METRO/Bangalore fare,82575.05,commute,metro,False,False,False,False
TXN_AARAV_20250915_0387,2025-09-15,2025-09-15T12:08:10+05:30,e69326fa-f75f-53d1-915f-cd743d715fa5,deposit,DEBIT,UPI,130.00,UPI/DE/CAFE COFFEE DAY/Bangalore coffee,82445.05,coffee,morning_coffee,False,False,True,False
TXN_AARAV_20250915_0388,2025-09-15,2025-09-15T14:59:46+05:30,e69326fa-f75f-53d1-915f-cd743d715fa5,deposit,DEBIT,UPI,260.00,UPI/DE/SWIGGY/Bangalore lunch,82185.05,food_delivery,lunch,False,False,True,False
TXN_AARAV_20250915_0389,2025-09-15,2025-09-15T17:02:29+05:30,e69326fa-f75f-53d1-915f-cd743d715fa5,deposit,DEBIT,FT,999.00,FT/DE/ACT FIBERNET/BROADBAND BILL/SEP25,81186.05,utility,broadband,False,True,False,True
TXN_AARAV_20250915_0390,2025-09-15,2025-09-15T19:43:46+05:30,e69326fa-f75f-53d1-915f-cd743d715fa5,deposit,DEBIT,UPI,642.00,UPI/DE/SWIGGY/Bangalore dinner order,80544.05,food_delivery,dinner,False,False,True,False
TXN_AARAV_20250916_0391,2025-09-16,2025-09-16T09:24:05+05:30,e69326fa-f75f-53d1-915f-cd743d715fa5,deposit,DEBIT,CARD,37.00,CARD/DE/BMRCL METRO/Bangalore fare,80507.05,commute,metro,False,False,False,False
TXN_AARAV_20250916_0392,2025-09-16,2025-09-16T11:05:34+05:30,e69326fa-f75f-53d1-915f-cd743d715fa5,deposit,DEBIT,UPI,152.00,UPI/DE/BLUE TOKAI/Bangalore coffee,80355.05,coffee,morning_coffee,False,False,True,False
TXN_AARAV_20250916_0393,2025-09-16,2025-09-16T12:42:34+05:30,e69326fa-f75f-53d1-915f-cd743d715fa5,deposit,DEBIT,UPI,232.00,UPI/DE/OFFICE CANTEEN/Bangalore lunch,80123.05,food_delivery,lunch,False,False,True,False
TXN_AARAV_20250916_0394,2025-09-16,2025-09-16T22:19:26+05:30,e69326fa-f75f-53d1-915f-cd743d715fa5,deposit,DEBIT,UPI,416.00,UPI/DE/ZOMATO/late night food,79707.05,food_delivery,late_night_food,False,False,True,False
TXN_AARAV_20250917_0395,2025-09-17,2025-09-17T11:31:02+05:30,e69326fa-f75f-53d1-915f-cd743d715fa5,deposit,DEBIT,UPI,232.00,UPI/DE/THIRD WAVE COFFEE/Bangalore coffee,79475.05,coffee,morning_coffee,False,False,True,False
TXN_AARAV_20250917_0396,2025-09-17,2025-09-17T13:20:11+05:30,e69326fa-f75f-53d1-915f-cd743d715fa5,deposit,DEBIT,UPI,352.00,UPI/DE/OFFICE CANTEEN/Bangalore lunch,79123.05,food_delivery,lunch,False,False,True,False
TXN_AARAV_20250917_0397,2025-09-17,2025-09-17T22:18:00+05:30,e69326fa-f75f-53d1-915f-cd743d715fa5,deposit,DEBIT,UPI,359.00,UPI/DE/ZOMATO/Bangalore dinner order,78764.05,food_delivery,dinner,False,False,True,False
TXN_AARAV_20250918_0398,2025-09-18,2025-09-18T09:58:50+05:30,e69326fa-f75f-53d1-915f-cd743d715fa5,deposit,DEBIT,CARD,40.00,CARD/DE/BMRCL METRO/Bangalore fare,78724.05,commute,metro,False,False,False,False
TXN_AARAV_20250918_0399,2025-09-18,2025-09-18T13:40:10+05:30,e69326fa-f75f-53d1-915f-cd743d715fa5,deposit,DEBIT,UPI,340.00,UPI/DE/SWIGGY/Bangalore lunch,78384.05,food_delivery,lunch,False,False,True,False
TXN_AARAV_20250918_0400,2025-09-18,2025-09-18T13:59:33+05:30,e69326fa-f75f-53d1-915f-cd743d715fa5,deposit,DEBIT,ATM,5000.00,ATM/DE/HDFC ATM BANGALORE/CASH WITHDRAWAL,73384.05,cash_withdrawal,atm,False,False,False,False
TXN_AARAV_20250918_0401,2025-09-18,2025-09-18T17:34:10+05:30,e69326fa-f75f-53d1-915f-cd743d715fa5,deposit,DEBIT,UPI,599.00,UPI/DE/JIO/MOBILE BILL/SEP25,72785.05,utility,mobile,False,True,False,True
TXN_AARAV_20250919_0402,2025-09-19,2025-09-19T10:16:59+05:30,e69326fa-f75f-53d1-915f-cd743d715fa5,deposit,DEBIT,UPI,324.00,UPI/DE/RAPIDO/Bangalore trip,72461.05,commute,cab_to_work,False,False,True,False
TXN_AARAV_20250919_0403,2025-09-19,2025-09-19T11:47:12+05:30,e69326fa-f75f-53d1-915f-cd743d715fa5,deposit,DEBIT,UPI,225.00,UPI/DE/STARBUCKS/Bangalore coffee,72236.05,coffee,morning_coffee,False,False,True,False
TXN_AARAV_20250919_0404,2025-09-19,2025-09-19T20:23:35+05:30,e69326fa-f75f-53d1-915f-cd743d715fa5,deposit,DEBIT,UPI,322.00,UPI/DE/RAPIDO/Bangalore trip,71914.05,commute,cab_from_work,False,False,True,False
TXN_AARAV_20250919_0405,2025-09-19,2025-09-19T20:37:12+05:30,e69326fa-f75f-53d1-915f-cd743d715fa5,deposit,DEBIT,CARD,1839.00,CARD/DE/BYG BREWSKI/Bangalore dining,70075.05,eating_out,friday_social,False,False,True,False
TXN_AARAV_20250920_0406,2025-09-20,2025-09-20T01:17:40+05:30,e69326fa-f75f-53d1-915f-cd743d715fa5,deposit,DEBIT,CARD,179.00,CARD/DE/RECURRING/AMAZON PRIME/SUBSCRIPTION,69896.05,subscription,amazon_prime,False,True,False,True
TXN_AARAV_20250920_0407,2025-09-20,2025-09-20T11:14:49+05:30,e69326fa-f75f-53d1-915f-cd743d715fa5,deposit,DEBIT,UPI,3631.50,UPI/DE/ZEPTO/Bangalore grocery,66264.55,groceries,weekly_grocery,False,False,False,True
TXN_AARAV_20250920_0408,2025-09-20,2025-09-20T16:25:45+05:30,e69326fa-f75f-53d1-915f-cd743d715fa5,deposit,DEBIT,CARD,1435.50,CARD/DE/UNIQLO/shopping,64829.05,fashion,impulse_shopping,False,False,True,False
TXN_AARAV_20250920_0409,2025-09-20,2025-09-20T17:38:31+05:30,e69326fa-f75f-53d1-915f-cd743d715fa5,deposit,DEBIT,UPI,414.00,UPI/DE/APOLLO PHARMACY/Bangalore pharmacy,64415.05,pharmacy,medicine,False,False,False,False
TXN_AARAV_20250920_0410,2025-09-20,2025-09-20T18:45:32+05:30,e69326fa-f75f-53d1-915f-cd743d715fa5,deposit,DEBIT,UPI,294.00,UPI/DE/STARBUCKS/Indiranagar coffee,64121.05,coffee,weekend_coffee,False,False,True,False
TXN_AARAV_20250920_0411,2025-09-20,2025-09-20T20:59:54+05:30,e69326fa-f75f-53d1-915f-cd743d715fa5,deposit,DEBIT,CARD,931.50,CARD/DE/EMPIRE RESTAURANT/Bangalore dining,63189.55,eating_out,weekend_dining,False,False,True,False
TXN_AARAV_20250921_0412,2025-09-21,2025-09-21T13:44:20+05:30,e69326fa-f75f-53d1-915f-cd743d715fa5,deposit,DEBIT,UPI,418.00,UPI/DE/ZOMATO/Bangalore lunch order,62771.55,food_delivery,lunch,False,False,True,False
TXN_AARAV_20250921_0413,2025-09-21,2025-09-21T16:10:34+05:30,e69326fa-f75f-53d1-915f-cd743d715fa5,deposit,DEBIT,UPI,415.00,UPI/DE/STARBUCKS/Indiranagar coffee,62356.55,coffee,weekend_coffee,False,False,True,False
TXN_AARAV_20250921_0414,2025-09-21,2025-09-21T18:13:21+05:30,e69326fa-f75f-53d1-915f-cd743d715fa5,deposit,DEBIT,UPI,659.10,UPI/DE/ZEPTO/Bangalore grocery,61697.45,groceries,grocery_topup,False,False,False,True
TXN_AARAV_20250922_0415,2025-09-22,2025-09-22T12:12:33+05:30,e69326fa-f75f-53d1-915f-cd743d715fa5,deposit,DEBIT,UPI,352.00,UPI/DE/SWIGGY/Bangalore lunch,61345.45,food_delivery,lunch,False,False,True,False
TXN_AARAV_20250923_0416,2025-09-23,2025-09-23T10:30:15+05:30,e69326fa-f75f-53d1-915f-cd743d715fa5,deposit,DEBIT,UPI,154.00,UPI/DE/BLUE TOKAI/Bangalore coffee,61191.45,coffee,morning_coffee,False,False,True,False
TXN_AARAV_20250923_0417,2025-09-23,2025-09-23T22:39:46+05:30,e69326fa-f75f-53d1-915f-cd743d715fa5,deposit,DEBIT,UPI,543.00,UPI/DE/ZOMATO/Bangalore dinner order,60648.45,food_delivery,dinner,False,False,True,False
TXN_AARAV_20250924_0418,2025-09-24,2025-09-24T09:07:56+05:30,e69326fa-f75f-53d1-915f-cd743d715fa5,deposit,DEBIT,CARD,64.00,CARD/DE/BMRCL METRO/Bangalore fare,60584.45,commute,metro,False,False,False,False
TXN_AARAV_20250924_0419,2025-09-24,2025-09-24T11:54:29+05:30,e69326fa-f75f-53d1-915f-cd743d715fa5,deposit,DEBIT,UPI,268.00,UPI/DE/THIRD WAVE COFFEE/Bangalore coffee,60316.45,coffee,morning_coffee,False,False,True,False
TXN_AARAV_20250924_0420,2025-09-24,2025-09-24T13:38:06+05:30,e69326fa-f75f-53d1-915f-cd743d715fa5,deposit,DEBIT,UPI,422.00,UPI/DE/SWIGGY/Bangalore lunch,59894.45,food_delivery,lunch,False,False,True,False
TXN_AARAV_20250924_0421,2025-09-24,2025-09-24T20:40:46+05:30,e69326fa-f75f-53d1-915f-cd743d715fa5,deposit,DEBIT,UPI,180.00,UPI/DE/FLIPKART/Bangalore household,59714.45,household,household_items,False,False,True,False
TXN_AARAV_20250924_0422,2025-09-24,2025-09-24T23:01:14+05:30,e69326fa-f75f-53d1-915f-cd743d715fa5,deposit,DEBIT,UPI,452.00,UPI/DE/ZOMATO/late night food,59262.45,food_delivery,late_night_food,False,False,True,False
TXN_AARAV_20250925_0423,2025-09-25,2025-09-25T10:53:07+05:30,e69326fa-f75f-53d1-915f-cd743d715fa5,deposit,DEBIT,UPI,166.00,UPI/DE/RAPIDO/Bangalore trip,59096.45,commute,cab_to_work,False,False,True,False
TXN_AARAV_20250925_0424,2025-09-25,2025-09-25T11:34:05+05:30,e69326fa-f75f-53d1-915f-cd743d715fa5,deposit,DEBIT,UPI,229.00,UPI/DE/THIRD WAVE COFFEE/Bangalore coffee,58867.45,coffee,morning_coffee,False,False,True,False
TXN_AARAV_20250925_0425,2025-09-25,2025-09-25T14:56:36+05:30,e69326fa-f75f-53d1-915f-cd743d715fa5,deposit,DEBIT,UPI,262.00,UPI/DE/ZOMATO/Bangalore lunch,58605.45,food_delivery,lunch,False,False,True,False
TXN_AARAV_20250925_0426,2025-09-25,2025-09-25T20:25:51+05:30,e69326fa-f75f-53d1-915f-cd743d715fa5,deposit,DEBIT,UPI,278.00,UPI/DE/RAPIDO/Bangalore trip,58327.45,commute,cab_from_work,False,False,True,False
TXN_AARAV_20250926_0427,2025-09-26,2025-09-26T08:28:17+05:30,e69326fa-f75f-53d1-915f-cd743d715fa5,deposit,DEBIT,CARD,53.00,CARD/DE/BMRCL METRO/Bangalore fare,58274.45,commute,metro,False,False,False,False
TXN_AARAV_20250926_0428,2025-09-26,2025-09-26T11:00:18+05:30,e69326fa-f75f-53d1-915f-cd743d715fa5,deposit,DEBIT,UPI,278.00,UPI/DE/CAFE COFFEE DAY/Bangalore coffee,57996.45,coffee,morning_coffee,False,False,True,False
TXN_AARAV_20250926_0429,2025-09-26,2025-09-26T14:53:53+05:30,e69326fa-f75f-53d1-915f-cd743d715fa5,deposit,DEBIT,UPI,209.00,UPI/DE/OFFICE CANTEEN/Bangalore lunch,57787.45,food_delivery,lunch,False,False,True,False
TXN_AARAV_20250926_0430,2025-09-26,2025-09-26T21:53:34+05:30,e69326fa-f75f-53d1-915f-cd743d715fa5,deposit,DEBIT,UPI,643.00,UPI/DE/ZOMATO/Bangalore dinner order,57144.45,food_delivery,dinner,False,False,True,False
TXN_AARAV_20250926_0431,2025-09-26,2025-09-26T22:10:25+05:30,e69326fa-f75f-53d1-915f-cd743d715fa5,deposit,DEBIT,CARD,1532.00,CARD/DE/BYG BREWSKI/Bangalore dining,55612.45,eating_out,friday_social,False,False,True,False
TXN_AARAV_20250927_0432,2025-09-27,2025-09-27T11:13:59+05:30,e69326fa-f75f-53d1-915f-cd743d715fa5,deposit,DEBIT,UPI,2077.00,UPI/DE/ZEPTO/Bangalore grocery,53535.45,groceries,weekly_grocery,False,False,False,True
TXN_AARAV_20250927_0433,2025-09-27,2025-09-27T16:53:42+05:30,e69326fa-f75f-53d1-915f-cd743d715fa5,deposit,DEBIT,UPI,454.00,UPI/DE/CAFE COFFEE DAY/Indiranagar coffee,53081.45,coffee,weekend_coffee,False,False,True,False
TXN_AARAV_20250927_0434,2025-09-27,2025-09-27T18:41:32+05:30,e69326fa-f75f-53d1-915f-cd743d715fa5,deposit,DEBIT,UPI,640.00,UPI/DE/AMAZON/Bangalore household,52441.45,household,household_items,False,False,True,False
TXN_AARAV_20250927_0435,2025-09-27,2025-09-27T20:18:04+05:30,e69326fa-f75f-53d1-915f-cd743d715fa5,deposit,DEBIT,CARD,1715.00,CARD/DE/TRUFFLES/Bangalore dining,50726.45,eating_out,weekend_dining,False,False,True,False
TXN_AARAV_20250928_0436,2025-09-28,2025-09-28T11:23:58+05:30,e69326fa-f75f-53d1-915f-cd743d715fa5,deposit,CREDIT,FT,165000.00,FT/CR/ACME TECH SALARY/SEP25,215726.45,salary,monthly_salary,True,False,False,True
TXN_AARAV_20250928_0437,2025-09-28,2025-09-28T13:18:41+05:30,e69326fa-f75f-53d1-915f-cd743d715fa5,deposit,DEBIT,UPI,370.00,UPI/DE/ZOMATO/Bangalore lunch order,215356.45,food_delivery,lunch,False,False,True,False
TXN_AARAV_20250928_0438,2025-09-28,2025-09-28T19:49:29+05:30,e69326fa-f75f-53d1-915f-cd743d715fa5,deposit,DEBIT,UPI,1557.40,UPI/DE/MORE SUPERMARKET/Bangalore grocery,213799.05,groceries,grocery_topup,False,False,False,True
TXN_AARAV_20250929_0439,2025-09-29,2025-09-29T09:14:59+05:30,e69326fa-f75f-53d1-915f-cd743d715fa5,deposit,DEBIT,UPI,155.00,UPI/DE/RAPIDO/Bangalore trip,213644.05,commute,cab_to_work,False,False,True,False
TXN_AARAV_20250929_0440,2025-09-29,2025-09-29T10:27:45+05:30,e69326fa-f75f-53d1-915f-cd743d715fa5,deposit,DEBIT,UPI,184.00,UPI/DE/THIRD WAVE COFFEE/Bangalore coffee,213460.05,coffee,morning_coffee,False,False,True,False
TXN_AARAV_20250929_0441,2025-09-29,2025-09-29T19:24:57+05:30,e69326fa-f75f-53d1-915f-cd743d715fa5,deposit,DEBIT,FT,10000.00,FT/DE/INTERNAL/GOAL SAVINGS/EMERGENCY FUND,203460.05,goal_allocation,emergency_fund,False,False,False,True
TXN_AARAV_20250929_0442,2025-09-29,2025-09-29T19:34:26+05:30,e69326fa-f75f-53d1-915f-cd743d715fa5,deposit,DEBIT,UPI,387.00,UPI/DE/ZOMATO/Bangalore dinner order,203073.05,food_delivery,dinner,False,False,True,False
TXN_AARAV_20250929_0443,2025-09-29,2025-09-29T20:16:25+05:30,e69326fa-f75f-53d1-915f-cd743d715fa5,deposit,DEBIT,UPI,342.00,UPI/DE/RAPIDO/Bangalore trip,202731.05,commute,cab_from_work,False,False,True,False
TXN_AARAV_20250929_0444,2025-09-29,2025-09-29T22:55:58+05:30,e69326fa-f75f-53d1-915f-cd743d715fa5,deposit,DEBIT,FT,8000.00,FT/DE/INTERNAL/GOAL SAVINGS/BALI VACATION,194731.05,goal_allocation,vacation_bali,False,False,False,True
TXN_AARAV_20250930_0445,2025-09-30,2025-09-30T10:17:44+05:30,e69326fa-f75f-53d1-915f-cd743d715fa5,deposit,DEBIT,UPI,242.00,UPI/DE/OLA/Bangalore trip,194489.05,commute,cab_to_work,False,False,True,False
TXN_AARAV_20250930_0446,2025-09-30,2025-09-30T13:27:45+05:30,e69326fa-f75f-53d1-915f-cd743d715fa5,deposit,DEBIT,UPI,260.00,UPI/DE/SWIGGY/Bangalore lunch,194229.05,food_delivery,lunch,False,False,True,False
TXN_AARAV_20250930_0447,2025-09-30,2025-09-30T19:26:28+05:30,e69326fa-f75f-53d1-915f-cd743d715fa5,deposit,DEBIT,UPI,571.00,UPI/DE/ZOMATO/Bangalore dinner order,193658.05,food_delivery,dinner,False,False,True,False
TXN_AARAV_20250930_0448,2025-09-30,2025-09-30T22:26:15+05:30,e69326fa-f75f-53d1-915f-cd743d715fa5,deposit,DEBIT,FT,6000.00,FT/DE/INTERNAL/GOAL SAVINGS/NEW LAPTOP,187658.05,goal_allocation,laptop,False,False,False,True
TXN_AARAV_20251001_0449,2025-10-01,2025-10-01T08:25:57+05:30,e69326fa-f75f-53d1-915f-cd743d715fa5,deposit,DEBIT,UPI,178.00,UPI/DE/UBER/Bangalore trip,187480.05,commute,cab_to_work,False,False,True,False
TXN_AARAV_20251001_0450,2025-10-01,2025-10-01T14:29:56+05:30,e69326fa-f75f-53d1-915f-cd743d715fa5,deposit,DEBIT,UPI,422.00,UPI/DE/SWIGGY/Bangalore lunch,187058.05,food_delivery,lunch,False,False,True,False
TXN_AARAV_20251001_0451,2025-10-01,2025-10-01T20:17:31+05:30,e69326fa-f75f-53d1-915f-cd743d715fa5,deposit,DEBIT,UPI,214.00,UPI/DE/UBER/Bangalore trip,186844.05,commute,cab_from_work,False,False,True,False
TXN_AARAV_20251001_0452,2025-10-01,2025-10-01T22:32:03+05:30,e69326fa-f75f-53d1-915f-cd743d715fa5,deposit,DEBIT,UPI,285.00,UPI/DE/ZOMATO/late night food,186559.05,food_delivery,late_night_food,False,False,True,False
TXN_AARAV_20251002_0453,2025-10-02,2025-10-02T10:52:09+05:30,e69326fa-f75f-53d1-915f-cd743d715fa5,deposit,DEBIT,UPI,231.00,UPI/DE/CAFE COFFEE DAY/Bangalore coffee,186328.05,coffee,morning_coffee,False,False,True,False
TXN_AARAV_20251002_0454,2025-10-02,2025-10-02T10:52:12+05:30,e69326fa-f75f-53d1-915f-cd743d715fa5,deposit,DEBIT,UPI,211.00,UPI/DE/OLA/Bangalore trip,186117.05,commute,cab_to_work,False,False,True,False
TXN_AARAV_20251002_0455,2025-10-02,2025-10-02T14:27:30+05:30,e69326fa-f75f-53d1-915f-cd743d715fa5,deposit,DEBIT,UPI,272.00,UPI/DE/SWIGGY/Bangalore lunch,185845.05,food_delivery,lunch,False,False,True,False
TXN_AARAV_20251002_0456,2025-10-02,2025-10-02T20:24:23+05:30,e69326fa-f75f-53d1-915f-cd743d715fa5,deposit,DEBIT,UPI,331.00,UPI/DE/OLA/Bangalore trip,185514.05,commute,cab_from_work,False,False,True,False
TXN_AARAV_20251003_0457,2025-10-03,2025-10-03T08:05:54+05:30,e69326fa-f75f-53d1-915f-cd743d715fa5,deposit,DEBIT,CARD,63.00,CARD/DE/BMRCL METRO/Bangalore fare,185451.05,commute,metro,False,False,False,False
TXN_AARAV_20251003_0458,2025-10-03,2025-10-03T10:43:27+05:30,e69326fa-f75f-53d1-915f-cd743d715fa5,deposit,DEBIT,UPI,219.00,UPI/DE/THIRD WAVE COFFEE/Bangalore coffee,185232.05,coffee,morning_coffee,False,False,True,False
TXN_AARAV_20251003_0459,2025-10-03,2025-10-03T19:06:44+05:30,e69326fa-f75f-53d1-915f-cd743d715fa5,deposit,DEBIT,UPI,412.00,UPI/DE/ZOMATO/Bangalore dinner order,184820.05,food_delivery,dinner,False,False,True,False
TXN_AARAV_20251003_0460,2025-10-03,2025-10-03T21:26:26+05:30,e69326fa-f75f-53d1-915f-cd743d715fa5,deposit,DEBIT,CARD,2047.50,CARD/DE/ARBOR BREWING/Bangalore dining,182772.55,eating_out,friday_social,False,False,True,False
TXN_AARAV_20251004_0461,2025-10-04,2025-10-04T13:50:24+05:30,e69326fa-f75f-53d1-915f-cd743d715fa5,deposit,DEBIT,UPI,3955.90,UPI/DE/BIGBASKET/Bangalore grocery,178816.65,groceries,weekly_grocery,False,False,False,True
TXN_AARAV_20251004_0462,2025-10-04,2025-10-04T15:38:16+05:30,e69326fa-f75f-53d1-915f-cd743d715fa5,deposit,DEBIT,UPI,453.00,UPI/DE/CAFE COFFEE DAY/Indiranagar coffee,178363.65,coffee,weekend_coffee,False,False,True,False
TXN_AARAV_20251004_0463,2025-10-04,2025-10-04T21:45:46+05:30,e69326fa-f75f-53d1-915f-cd743d715fa5,deposit,DEBIT,CARD,1201.20,CARD/DE/TOIT/Bangalore dining,177162.45,eating_out,weekend_dining,False,False,True,False
TXN_AARAV_20251005_0464,2025-10-05,2025-10-05T09:19:25+05:30,e69326fa-f75f-53d1-915f-cd743d715fa5,deposit,DEBIT,UPI,42000.00,UPI/DE/RENT TO LANDLORD/OCT25,135162.45,rent,monthly_rent,False,True,False,True
TXN_AARAV_20251005_0465,2025-10-05,2025-10-05T12:18:24+05:30,e69326fa-f75f-53d1-915f-cd743d715fa5,deposit,DEBIT,UPI,530.00,UPI/DE/SWIGGY/Bangalore lunch order,134632.45,food_delivery,lunch,False,False,True,False
TXN_AARAV_20251005_0466,2025-10-05,2025-10-05T19:52:21+05:30,e69326fa-f75f-53d1-915f-cd743d715fa5,deposit,DEBIT,CARD,2364.70,CARD/DE/TRUFFLES/Bangalore dining,132267.75,eating_out,weekend_dining,False,False,True,False
TXN_AARAV_20251005_0467,2025-10-05,2025-10-05T20:59:41+05:30,e69326fa-f75f-53d1-915f-cd743d715fa5,deposit,DEBIT,UPI,1530.10,UPI/DE/DMART/Bangalore grocery,130737.65,groceries,grocery_topup,False,False,False,True
TXN_AARAV_20251006_0468,2025-10-06,2025-10-06T09:53:15+05:30,e69326fa-f75f-53d1-915f-cd743d715fa5,deposit,DEBIT,CARD,45.00,CARD/DE/BMRCL METRO/Bangalore fare,130692.65,commute,metro,False,False,False,False
TXN_AARAV_20251006_0469,2025-10-06,2025-10-06T10:22:55+05:30,e69326fa-f75f-53d1-915f-cd743d715fa5,deposit,DEBIT,UPI,167.00,UPI/DE/BLUE TOKAI/Bangalore coffee,130525.65,coffee,morning_coffee,False,False,True,False
TXN_AARAV_20251006_0470,2025-10-06,2025-10-06T11:54:27+05:30,e69326fa-f75f-53d1-915f-cd743d715fa5,deposit,DEBIT,FT,10000.00,NACH/DE/SIP MUTUAL FUND/HDFC BLUECHIP FUND/OCT25,120525.65,sip,mutual_fund_sip,False,True,False,True
TXN_AARAV_20251006_0471,2025-10-06,2025-10-06T12:47:37+05:30,e69326fa-f75f-53d1-915f-cd743d715fa5,deposit,DEBIT,UPI,272.00,UPI/DE/ZOMATO/Bangalore lunch,120253.65,food_delivery,lunch,False,False,True,False
TXN_AARAV_20251006_0472,2025-10-06,2025-10-06T22:00:23+05:30,e69326fa-f75f-53d1-915f-cd743d715fa5,deposit,DEBIT,UPI,632.00,UPI/DE/ZOMATO/Bangalore dinner order,119621.65,food_delivery,dinner,False,False,True,False
TXN_AARAV_20251007_0473,2025-10-07,2025-10-07T10:22:56+05:30,e69326fa-f75f-53d1-915f-cd743d715fa5,deposit,DEBIT,UPI,344.00,UPI/DE/RAPIDO/Bangalore trip,119277.65,commute,cab_to_work,False,False,True,False
TXN_AARAV_20251007_0474,2025-10-07,2025-10-07T12:09:18+05:30,e69326fa-f75f-53d1-915f-cd743d715fa5,deposit,DEBIT,UPI,238.00,UPI/DE/THIRD WAVE COFFEE/Bangalore coffee,119039.65,coffee,morning_coffee,False,False,True,False
TXN_AARAV_20251007_0475,2025-10-07,2025-10-07T13:02:09+05:30,e69326fa-f75f-53d1-915f-cd743d715fa5,deposit,DEBIT,UPI,352.00,UPI/DE/OFFICE CANTEEN/Bangalore lunch,118687.65,food_delivery,lunch,False,False,True,False
TXN_AARAV_20251007_0476,2025-10-07,2025-10-07T18:09:39+05:30,e69326fa-f75f-53d1-915f-cd743d715fa5,deposit,DEBIT,CARD,3104.00,CARD/DE/WORK TRAVEL CAB/CLIENT VISIT,115583.65,work_expense,client_visit,False,False,False,False
TXN_AARAV_20251007_0477,2025-10-07,2025-10-07T19:42:09+05:30,e69326fa-f75f-53d1-915f-cd743d715fa5,deposit,DEBIT,UPI,237.00,UPI/DE/RAPIDO/Bangalore trip,115346.65,commute,cab_from_work,False,False,True,False
TXN_AARAV_20251008_0478,2025-10-08,2025-10-08T08:23:45+05:30,e69326fa-f75f-53d1-915f-cd743d715fa5,deposit,DEBIT,CARD,33.00,CARD/DE/BMRCL METRO/Bangalore fare,115313.65,commute,metro,False,False,False,False
TXN_AARAV_20251008_0479,2025-10-08,2025-10-08T14:22:17+05:30,e69326fa-f75f-53d1-915f-cd743d715fa5,deposit,DEBIT,UPI,213.00,UPI/DE/ZOMATO/Bangalore lunch,115100.65,food_delivery,lunch,False,False,True,False
TXN_AARAV_20251010_0480,2025-10-10,2025-10-10T08:43:47+05:30,e69326fa-f75f-53d1-915f-cd743d715fa5,deposit,DEBIT,UPI,202.00,UPI/DE/RAPIDO/Bangalore trip,114898.65,commute,cab_to_work,False,False,True,False
TXN_AARAV_20251010_0481,2025-10-10,2025-10-10T11:19:38+05:30,e69326fa-f75f-53d1-915f-cd743d715fa5,deposit,DEBIT,UPI,143.00,UPI/DE/CAFE COFFEE DAY/Bangalore coffee,114755.65,coffee,morning_coffee,False,False,True,False
TXN_AARAV_20251010_0482,2025-10-10,2025-10-10T12:12:17+05:30,e69326fa-f75f-53d1-915f-cd743d715fa5,deposit,DEBIT,FT,5000.00,NACH/DE/SIP MUTUAL FUND/AXIS MIDCAP FUND/OCT25,109755.65,sip,mutual_fund_sip,False,True,False,True
TXN_AARAV_20251010_0483,2025-10-10,2025-10-10T20:07:55+05:30,e69326fa-f75f-53d1-915f-cd743d715fa5,deposit,DEBIT,CARD,1835.00,CARD/DE/ARBOR BREWING/Bangalore dining,107920.65,eating_out,friday_social,False,False,True,False
TXN_AARAV_20251010_0484,2025-10-10,2025-10-10T21:41:06+05:30,e69326fa-f75f-53d1-915f-cd743d715fa5,deposit,DEBIT,UPI,322.00,UPI/DE/RAPIDO/Bangalore trip,107598.65,commute,cab_from_work,False,False,True,False
TXN_AARAV_20251011_0485,2025-10-11,2025-10-11T10:29:57+05:30,e69326fa-f75f-53d1-915f-cd743d715fa5,deposit,DEBIT,UPI,2338.50,UPI/DE/DMART/Bangalore grocery,105260.15,groceries,weekly_grocery,False,False,False,True
TXN_AARAV_20251011_0486,2025-10-11,2025-10-11T16:29:23+05:30,e69326fa-f75f-53d1-915f-cd743d715fa5,deposit,DEBIT,CARD,6675.00,CARD/DE/FLIPKART/shopping,98585.15,fashion,impulse_shopping,False,False,True,False
TXN_AARAV_20251011_0487,2025-10-11,2025-10-11T19:36:33+05:30,e69326fa-f75f-53d1-915f-cd743d715fa5,deposit,DEBIT,CARD,1966.50,CARD/DE/MEGHANA FOODS/Bangalore dining,96618.65,eating_out,weekend_dining,False,False,True,False
TXN_AARAV_20251012_0488,2025-10-12,2025-10-12T02:28:22+05:30,e69326fa-f75f-53d1-915f-cd743d715fa5,deposit,DEBIT,CARD,649.00,CARD/DE/RECURRING/NETFLIX/SUBSCRIPTION,95969.65,subscription,netflix,False,True,False,True
TXN_AARAV_20251012_0489,2025-10-12,2025-10-12T13:07:24+05:30,e69326fa-f75f-53d1-915f-cd743d715fa5,deposit,DEBIT,UPI,2040.00,UPI/DE/BESCOM/ELECTRICITY BILL/OCT25,93929.65,utility,electricity,False,True,False,True
TXN_AARAV_20251012_0490,2025-10-12,2025-10-12T14:50:57+05:30,e69326fa-f75f-53d1-915f-cd743d715fa5,deposit,DEBIT,UPI,342.00,UPI/DE/ZOMATO/Bangalore lunch order,93587.65,food_delivery,lunch,False,False,True,False
TXN_AARAV_20251012_0491,2025-10-12,2025-10-12T18:15:25+05:30,e69326fa-f75f-53d1-915f-cd743d715fa5,deposit,DEBIT,UPI,444.00,UPI/DE/THIRD WAVE COFFEE/Indiranagar coffee,93143.65,coffee,weekend_coffee,False,False,True,False
TXN_AARAV_20251012_0492,2025-10-12,2025-10-12T18:30:30+05:30,e69326fa-f75f-53d1-915f-cd743d715fa5,deposit,DEBIT,UPI,486.00,UPI/DE/ZEPTO/Bangalore grocery,92657.65,groceries,grocery_topup,False,False,False,True
TXN_AARAV_20251012_0493,2025-10-12,2025-10-12T21:09:26+05:30,e69326fa-f75f-53d1-915f-cd743d715fa5,deposit,DEBIT,CARD,1243.00,CARD/DE/EMPIRE RESTAURANT/Bangalore dining,91414.65,eating_out,weekend_dining,False,False,True,False
TXN_AARAV_20251013_0494,2025-10-13,2025-10-13T08:32:20+05:30,e69326fa-f75f-53d1-915f-cd743d715fa5,deposit,DEBIT,UPI,294.00,UPI/DE/RAPIDO/Bangalore trip,91120.65,commute,cab_to_work,False,False,True,False
TXN_AARAV_20251013_0495,2025-10-13,2025-10-13T10:41:40+05:30,e69326fa-f75f-53d1-915f-cd743d715fa5,deposit,DEBIT,UPI,221.00,UPI/DE/BLUE TOKAI/Bangalore coffee,90899.65,coffee,morning_coffee,False,False,True,False
TXN_AARAV_20251013_0496,2025-10-13,2025-10-13T13:51:16+05:30,e69326fa-f75f-53d1-915f-cd743d715fa5,deposit,DEBIT,UPI,218.00,UPI/DE/SWIGGY/Bangalore lunch,90681.65,food_delivery,lunch,False,False,True,False
TXN_AARAV_20251013_0497,2025-10-13,2025-10-13T16:29:30+05:30,e69326fa-f75f-53d1-915f-cd743d715fa5,deposit,CREDIT,UPI,3104.00,UPI/CR/WORK REIMBURSEMENT/OCT25,93785.65,work_reimbursement,client_visit,False,False,False,False
TXN_AARAV_20251013_0498,2025-10-13,2025-10-13T19:21:54+05:30,e69326fa-f75f-53d1-915f-cd743d715fa5,deposit,DEBIT,UPI,396.00,UPI/DE/RAPIDO/Bangalore trip,93389.65,commute,cab_from_work,False,False,True,False
TXN_AARAV_20251014_0499,2025-10-14,2025-10-14T02:48:03+05:30,e69326fa-f75f-53d1-915f-cd743d715fa5,deposit,DEBIT,CARD,119.00,CARD/DE/RECURRING/SPOTIFY/SUBSCRIPTION,93270.65,subscription,spotify,False,True,False,True
TXN_AARAV_20251014_0500,2025-10-14,2025-10-14T05:18:34+05:30,e69326fa-f75f-53d1-915f-cd743d715fa5,deposit,DEBIT,CARD,75.00,CARD/DE/RECURRING/ICLOUD/SUBSCRIPTION,93195.65,subscription,icloud,False,True,False,True
TXN_AARAV_20251014_0501,2025-10-14,2025-10-14T14:23:39+05:30,e69326fa-f75f-53d1-915f-cd743d715fa5,deposit,DEBIT,UPI,273.00,UPI/DE/SWIGGY/Bangalore lunch,92922.65,food_delivery,lunch,False,False,True,False
TXN_AARAV_20251014_0502,2025-10-14,2025-10-14T22:12:59+05:30,e69326fa-f75f-53d1-915f-cd743d715fa5,deposit,DEBIT,UPI,299.00,UPI/DE/ZOMATO/Bangalore dinner order,92623.65,food_delivery,dinner,False,False,True,False
TXN_AARAV_20251015_0503,2025-10-15,2025-10-15T09:00:51+05:30,e69326fa-f75f-53d1-915f-cd743d715fa5,deposit,DEBIT,CARD,71.00,CARD/DE/BMRCL METRO/Bangalore fare,92552.65,commute,metro,False,False,False,False
TXN_AARAV_20251015_0504,2025-10-15,2025-10-15T15:42:38+05:30,e69326fa-f75f-53d1-915f-cd743d715fa5,deposit,DEBIT,FT,999.00,FT/DE/ACT FIBERNET/BROADBAND BILL/OCT25,91553.65,utility,broadband,False,True,False,True
TXN_AARAV_20251016_0505,2025-10-16,2025-10-16T10:30:24+05:30,e69326fa-f75f-53d1-915f-cd743d715fa5,deposit,DEBIT,UPI,341.00,UPI/DE/UBER/Bangalore trip,91212.65,commute,cab_to_work,False,False,True,False
TXN_AARAV_20251016_0506,2025-10-16,2025-10-16T11:11:12+05:30,e69326fa-f75f-53d1-915f-cd743d715fa5,deposit,DEBIT,UPI,247.00,UPI/DE/CAFE COFFEE DAY/Bangalore coffee,90965.65,coffee,morning_coffee,False,False,True,False
TXN_AARAV_20251016_0507,2025-10-16,2025-10-16T14:52:41+05:30,e69326fa-f75f-53d1-915f-cd743d715fa5,deposit,DEBIT,UPI,298.00,UPI/DE/OFFICE CANTEEN/Bangalore lunch,90667.65,food_delivery,lunch,False,False,True,False
TXN_AARAV_20251016_0508,2025-10-16,2025-10-16T21:14:07+05:30,e69326fa-f75f-53d1-915f-cd743d715fa5,deposit,DEBIT,UPI,294.00,UPI/DE/UBER/Bangalore trip,90373.65,commute,cab_from_work,False,False,True,False
TXN_AARAV_20251016_0509,2025-10-16,2025-10-16T23:15:07+05:30,e69326fa-f75f-53d1-915f-cd743d715fa5,deposit,DEBIT,UPI,321.00,UPI/DE/SWIGGY/late night food,90052.65,food_delivery,late_night_food,False,False,True,False
TXN_AARAV_20251017_0510,2025-10-17,2025-10-17T09:21:37+05:30,e69326fa-f75f-53d1-915f-cd743d715fa5,deposit,DEBIT,CARD,37.00,CARD/DE/BMRCL METRO/Bangalore fare,90015.65,commute,metro,False,False,False,False
TXN_AARAV_20251017_0511,2025-10-17,2025-10-17T14:47:32+05:30,e69326fa-f75f-53d1-915f-cd743d715fa5,deposit,DEBIT,UPI,418.00,UPI/DE/SWIGGY/Bangalore lunch,89597.65,food_delivery,lunch,False,False,True,False
TXN_AARAV_20251017_0512,2025-10-17,2025-10-17T22:19:23+05:30,e69326fa-f75f-53d1-915f-cd743d715fa5,deposit,DEBIT,UPI,578.00,UPI/DE/ZOMATO/Bangalore dinner order,89019.65,food_delivery,dinner,False,False,True,False
TXN_AARAV_20251018_0513,2025-10-18,2025-10-18T12:17:26+05:30,e69326fa-f75f-53d1-915f-cd743d715fa5,deposit,DEBIT,UPI,1937.00,UPI/DE/BIGBASKET/Bangalore grocery,87082.65,groceries,weekly_grocery,False,False,False,True
TXN_AARAV_20251018_0514,2025-10-18,2025-10-18T14:42:48+05:30,e69326fa-f75f-53d1-915f-cd743d715fa5,deposit,DEBIT,CARD,3164.00,CARD/DE/AMAZON/shopping,83918.65,fashion,impulse_shopping,False,False,True,False
TXN_AARAV_20251018_0515,2025-10-18,2025-10-18T16:01:20+05:30,e69326fa-f75f-53d1-915f-cd743d715fa5,deposit,DEBIT,UPI,599.00,UPI/DE/JIO/MOBILE BILL/OCT25,83319.65,utility,mobile,False,True,False,True
TXN_AARAV_20251019_0516,2025-10-19,2025-10-19T19:06:11+05:30,e69326fa-f75f-53d1-915f-cd743d715fa5,deposit,DEBIT,CARD,936.00,CARD/DE/TOIT/Bangalore dining,82383.65,eating_out,weekend_dining,False,False,True,False
TXN_AARAV_20251019_0517,2025-10-19,2025-10-19T19:06:36+05:30,e69326fa-f75f-53d1-915f-cd743d715fa5,deposit,DEBIT,ATM,3000.00,ATM/DE/HDFC ATM BANGALORE/CASH WITHDRAWAL,79383.65,cash_withdrawal,atm,False,False,False,False
TXN_AARAV_20251019_0518,2025-10-19,2025-10-19T20:46:47+05:30,e69326fa-f75f-53d1-915f-cd743d715fa5,deposit,DEBIT,UPI,833.00,UPI/DE/ZEPTO/Bangalore grocery,78550.65,groceries,grocery_topup,False,False,False,True
TXN_AARAV_20251020_0519,2025-10-20,2025-10-20T01:09:34+05:30,e69326fa-f75f-53d1-915f-cd743d715fa5,deposit,DEBIT,CARD,179.00,CARD/DE/RECURRING/AMAZON PRIME/SUBSCRIPTION,78371.65,subscription,amazon_prime,False,True,False,True
TXN_AARAV_20251020_0520,2025-10-20,2025-10-20T08:11:16+05:30,e69326fa-f75f-53d1-915f-cd743d715fa5,deposit,DEBIT,UPI,204.00,UPI/DE/OLA/Bangalore trip,78167.65,commute,cab_to_work,False,False,True,False
TXN_AARAV_20251020_0521,2025-10-20,2025-10-20T10:16:26+05:30,e69326fa-f75f-53d1-915f-cd743d715fa5,deposit,DEBIT,UPI,271.00,UPI/DE/BLUE TOKAI/Bangalore coffee,77896.65,coffee,morning_coffee,False,False,True,False
TXN_AARAV_20251020_0522,2025-10-20,2025-10-20T19:56:25+05:30,e69326fa-f75f-53d1-915f-cd743d715fa5,deposit,DEBIT,UPI,307.00,UPI/DE/OLA/Bangalore trip,77589.65,commute,cab_from_work,False,False,True,False
TXN_AARAV_20251021_0523,2025-10-21,2025-10-21T08:17:51+05:30,e69326fa-f75f-53d1-915f-cd743d715fa5,deposit,DEBIT,CARD,36.00,CARD/DE/BMRCL METRO/Bangalore fare,77553.65,commute,metro,False,False,False,False
TXN_AARAV_20251021_0524,2025-10-21,2025-10-21T22:35:33+05:30,e69326fa-f75f-53d1-915f-cd743d715fa5,deposit,DEBIT,UPI,611.00,UPI/DE/ZOMATO/Bangalore dinner order,76942.65,food_delivery,dinner,False,False,True,False
TXN_AARAV_20251022_0525,2025-10-22,2025-10-22T09:31:01+05:30,e69326fa-f75f-53d1-915f-cd743d715fa5,deposit,DEBIT,CARD,66.00,CARD/DE/BMRCL METRO/Bangalore fare,76876.65,commute,metro,False,False,False,False
TXN_AARAV_20251022_0526,2025-10-22,2025-10-22T10:58:37+05:30,e69326fa-f75f-53d1-915f-cd743d715fa5,deposit,DEBIT,UPI,230.00,UPI/DE/THIRD WAVE COFFEE/Bangalore coffee,76646.65,coffee,morning_coffee,False,False,True,False
TXN_AARAV_20251022_0527,2025-10-22,2025-10-22T12:10:17+05:30,e69326fa-f75f-53d1-915f-cd743d715fa5,deposit,DEBIT,UPI,384.00,UPI/DE/SWIGGY/Bangalore lunch,76262.65,food_delivery,lunch,False,False,True,False
TXN_AARAV_20251023_0528,2025-10-23,2025-10-23T08:02:13+05:30,e69326fa-f75f-53d1-915f-cd743d715fa5,deposit,DEBIT,UPI,240.00,UPI/DE/UBER/Bangalore trip,76022.65,commute,cab_to_work,False,False,True,False
TXN_AARAV_20251023_0529,2025-10-23,2025-10-23T11:03:57+05:30,e69326fa-f75f-53d1-915f-cd743d715fa5,deposit,DEBIT,UPI,208.00,UPI/DE/STARBUCKS/Bangalore coffee,75814.65,coffee,morning_coffee,False,False,True,False
TXN_AARAV_20251023_0530,2025-10-23,2025-10-23T19:37:24+05:30,e69326fa-f75f-53d1-915f-cd743d715fa5,deposit,DEBIT,UPI,272.00,UPI/DE/UBER/Bangalore trip,75542.65,commute,cab_from_work,False,False,True,False
TXN_AARAV_20251024_0531,2025-10-24,2025-10-24T09:16:36+05:30,e69326fa-f75f-53d1-915f-cd743d715fa5,deposit,DEBIT,CARD,49.00,CARD/DE/BMRCL METRO/Bangalore fare,75493.65,commute,metro,False,False,False,False
TXN_AARAV_20251024_0532,2025-10-24,2025-10-24T11:56:09+05:30,e69326fa-f75f-53d1-915f-cd743d715fa5,deposit,DEBIT,UPI,267.00,UPI/DE/BLUE TOKAI/Bangalore coffee,75226.65,coffee,morning_coffee,False,False,True,False
TXN_AARAV_20251024_0533,2025-10-24,2025-10-24T14:00:51+05:30,e69326fa-f75f-53d1-915f-cd743d715fa5,deposit,DEBIT,UPI,237.00,UPI/DE/FLIPKART/Bangalore household,74989.65,household,household_items,False,False,True,False
TXN_AARAV_20251024_0534,2025-10-24,2025-10-24T21:28:55+05:30,e69326fa-f75f-53d1-915f-cd743d715fa5,deposit,DEBIT,UPI,481.00,UPI/DE/ZOMATO/Bangalore dinner order,74508.65,food_delivery,dinner,False,False,True,False
TXN_AARAV_20251024_0535,2025-10-24,2025-10-24T22:17:33+05:30,e69326fa-f75f-53d1-915f-cd743d715fa5,deposit,DEBIT,CARD,1230.60,CARD/DE/BYG BREWSKI/Bangalore dining,73278.05,eating_out,friday_social,False,False,True,False
TXN_AARAV_20251025_0536,2025-10-25,2025-10-25T12:29:07+05:30,e69326fa-f75f-53d1-915f-cd743d715fa5,deposit,DEBIT,UPI,1039.50,UPI/DE/DMART/Bangalore grocery,72238.55,groceries,weekly_grocery,False,False,False,True
TXN_AARAV_20251026_0537,2025-10-26,2025-10-26T12:22:35+05:30,e69326fa-f75f-53d1-915f-cd743d715fa5,deposit,DEBIT,UPI,472.00,UPI/DE/SWIGGY/Bangalore lunch order,71766.55,food_delivery,lunch,False,False,True,False
TXN_AARAV_20251026_0538,2025-10-26,2025-10-26T18:32:22+05:30,e69326fa-f75f-53d1-915f-cd743d715fa5,deposit,DEBIT,UPI,1025.00,UPI/DE/BLINKIT/Bangalore grocery,70741.55,groceries,grocery_topup,False,False,False,True
TXN_AARAV_20251026_0539,2025-10-26,2025-10-26T22:03:56+05:30,e69326fa-f75f-53d1-915f-cd743d715fa5,deposit,DEBIT,CARD,1352.00,CARD/DE/MEGHANA FOODS/Bangalore dining,69389.55,eating_out,weekend_dining,False,False,True,False
TXN_AARAV_20251027_0540,2025-10-27,2025-10-27T08:38:28+05:30,e69326fa-f75f-53d1-915f-cd743d715fa5,deposit,DEBIT,CARD,31.00,CARD/DE/BMRCL METRO/Bangalore fare,69358.55,commute,metro,False,False,False,False
TXN_AARAV_20251027_0541,2025-10-27,2025-10-27T21:08:08+05:30,e69326fa-f75f-53d1-915f-cd743d715fa5,deposit,DEBIT,UPI,647.00,UPI/DE/SWIGGY/Bangalore dinner order,68711.55,food_delivery,dinner,False,False,True,False
TXN_AARAV_20251028_0542,2025-10-28,2025-10-28T10:14:12+05:30,e69326fa-f75f-53d1-915f-cd743d715fa5,deposit,DEBIT,UPI,336.00,UPI/DE/RAPIDO/Bangalore trip,68375.55,commute,cab_to_work,False,False,True,False
TXN_AARAV_20251028_0543,2025-10-28,2025-10-28T11:08:57+05:30,e69326fa-f75f-53d1-915f-cd743d715fa5,deposit,CREDIT,FT,165000.00,FT/CR/ACME TECH SALARY/OCT25,233375.55,salary,monthly_salary,True,False,False,True
TXN_AARAV_20251028_0544,2025-10-28,2025-10-28T13:49:40+05:30,e69326fa-f75f-53d1-915f-cd743d715fa5,deposit,DEBIT,UPI,430.00,UPI/DE/ZOMATO/Bangalore lunch,232945.55,food_delivery,lunch,False,False,True,False
TXN_AARAV_20251028_0545,2025-10-28,2025-10-28T18:49:39+05:30,e69326fa-f75f-53d1-915f-cd743d715fa5,deposit,DEBIT,UPI,284.00,UPI/DE/RAPIDO/Bangalore trip,232661.55,commute,cab_from_work,False,False,True,False
TXN_AARAV_20251028_0546,2025-10-28,2025-10-28T20:17:25+05:30,e69326fa-f75f-53d1-915f-cd743d715fa5,deposit,DEBIT,UPI,431.00,UPI/DE/ZOMATO/Bangalore dinner order,232230.55,food_delivery,dinner,False,False,True,False
TXN_AARAV_20251029_0547,2025-10-29,2025-10-29T10:22:08+05:30,e69326fa-f75f-53d1-915f-cd743d715fa5,deposit,DEBIT,UPI,308.00,UPI/DE/UBER/Bangalore trip,231922.55,commute,cab_to_work,False,False,True,False
TXN_AARAV_20251029_0548,2025-10-29,2025-10-29T12:44:21+05:30,e69326fa-f75f-53d1-915f-cd743d715fa5,deposit,DEBIT,UPI,177.00,UPI/DE/BLUE TOKAI/Bangalore coffee,231745.55,coffee,morning_coffee,False,False,True,False
TXN_AARAV_20251029_0549,2025-10-29,2025-10-29T20:07:54+05:30,e69326fa-f75f-53d1-915f-cd743d715fa5,deposit,DEBIT,UPI,619.00,UPI/DE/SWIGGY/Bangalore dinner order,231126.55,food_delivery,dinner,False,False,True,False
TXN_AARAV_20251029_0550,2025-10-29,2025-10-29T21:05:13+05:30,e69326fa-f75f-53d1-915f-cd743d715fa5,deposit,DEBIT,UPI,211.00,UPI/DE/UBER/Bangalore trip,230915.55,commute,cab_from_work,False,False,True,False
TXN_AARAV_20251029_0551,2025-10-29,2025-10-29T21:37:07+05:30,e69326fa-f75f-53d1-915f-cd743d715fa5,deposit,DEBIT,FT,8000.00,FT/DE/INTERNAL/GOAL SAVINGS/BALI VACATION,222915.55,goal_allocation,vacation_bali,False,False,False,True
TXN_AARAV_20251029_0552,2025-10-29,2025-10-29T22:27:39+05:30,e69326fa-f75f-53d1-915f-cd743d715fa5,deposit,DEBIT,FT,10000.00,FT/DE/INTERNAL/GOAL SAVINGS/EMERGENCY FUND,212915.55,goal_allocation,emergency_fund,False,False,False,True
TXN_AARAV_20251030_0553,2025-10-30,2025-10-30T09:08:55+05:30,e69326fa-f75f-53d1-915f-cd743d715fa5,deposit,DEBIT,CARD,46.00,CARD/DE/BMRCL METRO/Bangalore fare,212869.55,commute,metro,False,False,False,False
TXN_AARAV_20251030_0554,2025-10-30,2025-10-30T12:45:32+05:30,e69326fa-f75f-53d1-915f-cd743d715fa5,deposit,DEBIT,UPI,189.00,UPI/DE/STARBUCKS/Bangalore coffee,212680.55,coffee,morning_coffee,False,False,True,False
TXN_AARAV_20251030_0555,2025-10-30,2025-10-30T14:17:29+05:30,e69326fa-f75f-53d1-915f-cd743d715fa5,deposit,DEBIT,UPI,380.00,UPI/DE/ZOMATO/Bangalore lunch,212300.55,food_delivery,lunch,False,False,True,False
TXN_AARAV_20251030_0556,2025-10-30,2025-10-30T19:53:06+05:30,e69326fa-f75f-53d1-915f-cd743d715fa5,deposit,DEBIT,FT,6000.00,FT/DE/INTERNAL/GOAL SAVINGS/NEW LAPTOP,206300.55,goal_allocation,laptop,False,False,False,True
TXN_AARAV_20251030_0557,2025-10-30,2025-10-30T22:09:29+05:30,e69326fa-f75f-53d1-915f-cd743d715fa5,deposit,DEBIT,UPI,463.00,UPI/DE/SWIGGY/Bangalore dinner order,205837.55,food_delivery,dinner,False,False,True,False
TXN_AARAV_20251031_0558,2025-10-31,2025-10-31T08:26:03+05:30,e69326fa-f75f-53d1-915f-cd743d715fa5,deposit,DEBIT,UPI,292.00,UPI/DE/UBER/Bangalore trip,205545.55,commute,cab_to_work,False,False,True,False
TXN_AARAV_20251031_0559,2025-10-31,2025-10-31T12:25:19+05:30,e69326fa-f75f-53d1-915f-cd743d715fa5,deposit,DEBIT,UPI,220.00,UPI/DE/STARBUCKS/Bangalore coffee,205325.55,coffee,morning_coffee,False,False,True,False
TXN_AARAV_20251031_0560,2025-10-31,2025-10-31T19:21:58+05:30,e69326fa-f75f-53d1-915f-cd743d715fa5,deposit,DEBIT,UPI,534.00,UPI/DE/SWIGGY/Bangalore dinner order,204791.55,food_delivery,dinner,False,False,True,False
TXN_AARAV_20251031_0561,2025-10-31,2025-10-31T19:56:06+05:30,e69326fa-f75f-53d1-915f-cd743d715fa5,deposit,DEBIT,UPI,257.00,UPI/DE/UBER/Bangalore trip,204534.55,commute,cab_from_work,False,False,True,False
TXN_AARAV_20251031_0562,2025-10-31,2025-10-31T20:00:35+05:30,e69326fa-f75f-53d1-915f-cd743d715fa5,deposit,DEBIT,CARD,1137.50,CARD/DE/ARBOR BREWING/Bangalore dining,203397.05,eating_out,friday_social,False,False,True,False
TXN_AARAV_20251101_0563,2025-11-01,2025-11-01T13:24:39+05:30,e69326fa-f75f-53d1-915f-cd743d715fa5,deposit,DEBIT,UPI,4110.60,UPI/DE/BIGBASKET/Bangalore grocery,199286.45,groceries,weekly_grocery,False,False,False,True
TXN_AARAV_20251101_0564,2025-11-01,2025-11-01T16:15:22+05:30,e69326fa-f75f-53d1-915f-cd743d715fa5,deposit,DEBIT,CARD,2086.50,CARD/DE/MYNTRA/shopping,197199.95,fashion,impulse_shopping,False,False,True,False
TXN_AARAV_20251101_0565,2025-11-01,2025-11-01T17:41:12+05:30,e69326fa-f75f-53d1-915f-cd743d715fa5,deposit,DEBIT,UPI,322.00,UPI/DE/STARBUCKS/Indiranagar coffee,196877.95,coffee,weekend_coffee,False,False,True,False
TXN_AARAV_20251101_0566,2025-11-01,2025-11-01T19:23:54+05:30,e69326fa-f75f-53d1-915f-cd743d715fa5,deposit,DEBIT,CARD,2194.40,CARD/DE/TRUFFLES/Bangalore dining,194683.55,eating_out,weekend_dining,False,False,True,False
TXN_AARAV_20251102_0567,2025-11-02,2025-11-02T13:08:06+05:30,e69326fa-f75f-53d1-915f-cd743d715fa5,deposit,DEBIT,UPI,626.00,UPI/DE/ZOMATO/Bangalore lunch order,194057.55,food_delivery,lunch,False,False,True,False
TXN_AARAV_20251102_0568,2025-11-02,2025-11-02T16:29:34+05:30,e69326fa-f75f-53d1-915f-cd743d715fa5,deposit,DEBIT,UPI,249.00,UPI/DE/BLUE TOKAI/Indiranagar coffee,193808.55,coffee,weekend_coffee,False,False,True,False
TXN_AARAV_20251102_0569,2025-11-02,2025-11-02T19:14:50+05:30,e69326fa-f75f-53d1-915f-cd743d715fa5,deposit,DEBIT,UPI,1017.90,UPI/DE/ZEPTO/Bangalore grocery,192790.65,groceries,grocery_topup,False,False,False,True
TXN_AARAV_20251103_0570,2025-11-03,2025-11-03T08:17:36+05:30,e69326fa-f75f-53d1-915f-cd743d715fa5,deposit,DEBIT,UPI,214.00,UPI/DE/OLA/Bangalore trip,192576.65,commute,cab_to_work,False,False,True,False
TXN_AARAV_20251103_0571,2025-11-03,2025-11-03T10:03:57+05:30,e69326fa-f75f-53d1-915f-cd743d715fa5,deposit,DEBIT,UPI,150.00,UPI/DE/BLUE TOKAI/Bangalore coffee,192426.65,coffee,morning_coffee,False,False,True,False
TXN_AARAV_20251103_0572,2025-11-03,2025-11-03T21:03:40+05:30,e69326fa-f75f-53d1-915f-cd743d715fa5,deposit,DEBIT,UPI,513.00,UPI/DE/ZOMATO/Bangalore dinner order,191913.65,food_delivery,dinner,False,False,True,False
TXN_AARAV_20251104_0573,2025-11-04,2025-11-04T09:37:47+05:30,e69326fa-f75f-53d1-915f-cd743d715fa5,deposit,DEBIT,UPI,208.00,UPI/DE/OLA/Bangalore trip,191705.65,commute,cab_to_work,False,False,True,False
TXN_AARAV_20251104_0574,2025-11-04,2025-11-04T12:04:17+05:30,e69326fa-f75f-53d1-915f-cd743d715fa5,deposit,DEBIT,UPI,193.00,UPI/DE/BLUE TOKAI/Bangalore coffee,191512.65,coffee,morning_coffee,False,False,True,False
TXN_AARAV_20251104_0575,2025-11-04,2025-11-04T12:52:35+05:30,e69326fa-f75f-53d1-915f-cd743d715fa5,deposit,DEBIT,UPI,245.00,UPI/DE/OFFICE CANTEEN/Bangalore lunch,191267.65,food_delivery,lunch,False,False,True,False
TXN_AARAV_20251104_0576,2025-11-04,2025-11-04T18:56:11+05:30,e69326fa-f75f-53d1-915f-cd743d715fa5,deposit,DEBIT,UPI,347.00,UPI/DE/OLA/Bangalore trip,190920.65,commute,cab_from_work,False,False,True,False
TXN_AARAV_20251105_0577,2025-11-05,2025-11-05T09:03:07+05:30,e69326fa-f75f-53d1-915f-cd743d715fa5,deposit,DEBIT,CARD,65.00,CARD/DE/BMRCL METRO/Bangalore fare,190855.65,commute,metro,False,False,False,False
TXN_AARAV_20251105_0578,2025-11-05,2025-11-05T12:14:25+05:30,e69326fa-f75f-53d1-915f-cd743d715fa5,deposit,DEBIT,UPI,120.00,UPI/DE/BLUE TOKAI/Bangalore coffee,190735.65,coffee,morning_coffee,False,False,True,False
TXN_AARAV_20251105_0579,2025-11-05,2025-11-05T12:33:12+05:30,e69326fa-f75f-53d1-915f-cd743d715fa5,deposit,DEBIT,UPI,42000.00,UPI/DE/RENT TO LANDLORD/NOV25,148735.65,rent,monthly_rent,False,True,False,True
TXN_AARAV_20251105_0580,2025-11-05,2025-11-05T21:40:12+05:30,e69326fa-f75f-53d1-915f-cd743d715fa5,deposit,DEBIT,UPI,511.00,UPI/DE/SWIGGY/Bangalore dinner order,148224.65,food_delivery,dinner,False,False,True,False
TXN_AARAV_20251106_0581,2025-11-06,2025-11-06T08:44:40+05:30,e69326fa-f75f-53d1-915f-cd743d715fa5,deposit,DEBIT,UPI,242.00,UPI/DE/UBER/Bangalore trip,147982.65,commute,cab_to_work,False,False,True,False
TXN_AARAV_20251106_0582,2025-11-06,2025-11-06T12:16:00+05:30,e69326fa-f75f-53d1-915f-cd743d715fa5,deposit,DEBIT,FT,10000.00,NACH/DE/SIP MUTUAL FUND/HDFC BLUECHIP FUND/NOV25,137982.65,sip,mutual_fund_sip,False,True,False,True
TXN_AARAV_20251106_0583,2025-11-06,2025-11-06T21:42:03+05:30,e69326fa-f75f-53d1-915f-cd743d715fa5,deposit,DEBIT,UPI,360.00,UPI/DE/ZOMATO/Bangalore dinner order,137622.65,food_delivery,dinner,False,False,True,False
TXN_AARAV_20251107_0584,2025-11-07,2025-11-07T10:24:43+05:30,e69326fa-f75f-53d1-915f-cd743d715fa5,deposit,DEBIT,UPI,256.00,UPI/DE/OLA/Bangalore trip,137366.65,commute,cab_to_work,False,False,True,False
TXN_AARAV_20251107_0585,2025-11-07,2025-11-07T12:37:55+05:30,e69326fa-f75f-53d1-915f-cd743d715fa5,deposit,DEBIT,UPI,155.00,UPI/DE/CAFE COFFEE DAY/Bangalore coffee,137211.65,coffee,morning_coffee,False,False,True,False
TXN_AARAV_20251107_0586,2025-11-07,2025-11-07T12:40:13+05:30,e69326fa-f75f-53d1-915f-cd743d715fa5,deposit,DEBIT,UPI,374.00,UPI/DE/ZOMATO/Bangalore lunch,136837.65,food_delivery,lunch,False,False,True,False
TXN_AARAV_20251107_0587,2025-11-07,2025-11-07T18:56:03+05:30,e69326fa-f75f-53d1-915f-cd743d715fa5,deposit,DEBIT,UPI,390.00,UPI/DE/OLA/Bangalore trip,136447.65,commute,cab_from_work,False,False,True,False
TXN_AARAV_20251107_0588,2025-11-07,2025-11-07T22:49:15+05:30,e69326fa-f75f-53d1-915f-cd743d715fa5,deposit,DEBIT,CARD,2601.30,CARD/DE/BYG BREWSKI/Bangalore dining,133846.35,eating_out,friday_social,False,False,True,False
TXN_AARAV_20251108_0589,2025-11-08,2025-11-08T10:53:40+05:30,e69326fa-f75f-53d1-915f-cd743d715fa5,deposit,DEBIT,UPI,1819.50,UPI/DE/DMART/Bangalore grocery,132026.85,groceries,weekly_grocery,False,False,False,True
TXN_AARAV_20251108_0590,2025-11-08,2025-11-08T14:50:56+05:30,e69326fa-f75f-53d1-915f-cd743d715fa5,deposit,DEBIT,CARD,6405.00,CARD/DE/FLIPKART/shopping,125621.85,fashion,impulse_shopping,False,False,True,False
TXN_AARAV_20251108_0591,2025-11-08,2025-11-08T14:52:25+05:30,e69326fa-f75f-53d1-915f-cd743d715fa5,deposit,DEBIT,UPI,418.00,UPI/DE/MEDPLUS/Bangalore pharmacy,125203.85,pharmacy,medicine,False,False,False,False
TXN_AARAV_20251108_0592,2025-11-08,2025-11-08T15:15:41+05:30,e69326fa-f75f-53d1-915f-cd743d715fa5,deposit,DEBIT,UPI,384.00,UPI/DE/THIRD WAVE COFFEE/Indiranagar coffee,124819.85,coffee,weekend_coffee,False,False,True,False
TXN_AARAV_20251108_0593,2025-11-08,2025-11-08T21:28:39+05:30,e69326fa-f75f-53d1-915f-cd743d715fa5,deposit,DEBIT,CARD,3033.00,CARD/DE/MEGHANA FOODS/Bangalore dining,121786.85,eating_out,weekend_dining,False,False,True,False
TXN_AARAV_20251109_0594,2025-11-09,2025-11-09T14:58:04+05:30,e69326fa-f75f-53d1-915f-cd743d715fa5,deposit,DEBIT,UPI,624.00,UPI/DE/ZOMATO/Bangalore lunch order,121162.85,food_delivery,lunch,False,False,True,False
TXN_AARAV_20251109_0595,2025-11-09,2025-11-09T15:39:04+05:30,e69326fa-f75f-53d1-915f-cd743d715fa5,deposit,DEBIT,UPI,426.00,UPI/DE/THIRD WAVE COFFEE/Indiranagar coffee,120736.85,coffee,weekend_coffee,False,False,True,False
TXN_AARAV_20251109_0596,2025-11-09,2025-11-09T18:18:28+05:30,e69326fa-f75f-53d1-915f-cd743d715fa5,deposit,DEBIT,UPI,451.00,UPI/DE/BLINKIT/Bangalore grocery,120285.85,groceries,grocery_topup,False,False,False,True
TXN_AARAV_20251109_0597,2025-11-09,2025-11-09T22:26:00+05:30,e69326fa-f75f-53d1-915f-cd743d715fa5,deposit,DEBIT,CARD,1309.00,CARD/DE/MTR/Bangalore dining,118976.85,eating_out,weekend_dining,False,False,True,False
TXN_AARAV_20251110_0598,2025-11-10,2025-11-10T09:15:01+05:30,e69326fa-f75f-53d1-915f-cd743d715fa5,deposit,DEBIT,UPI,208.00,UPI/DE/RAPIDO/Bangalore trip,118768.85,commute,cab_to_work,False,False,True,False
TXN_AARAV_20251110_0599,2025-11-10,2025-11-10T12:13:06+05:30,e69326fa-f75f-53d1-915f-cd743d715fa5,deposit,DEBIT,FT,5000.00,NACH/DE/SIP MUTUAL FUND/AXIS MIDCAP FUND/NOV25,113768.85,sip,mutual_fund_sip,False,True,False,True
TXN_AARAV_20251110_0600,2025-11-10,2025-11-10T12:32:26+05:30,e69326fa-f75f-53d1-915f-cd743d715fa5,deposit,DEBIT,UPI,145.00,UPI/DE/THIRD WAVE COFFEE/Bangalore coffee,113623.85,coffee,morning_coffee,False,False,True,False
TXN_AARAV_20251110_0601,2025-11-10,2025-11-10T13:45:29+05:30,e69326fa-f75f-53d1-915f-cd743d715fa5,deposit,DEBIT,UPI,272.00,UPI/DE/ZOMATO/Bangalore lunch,113351.85,food_delivery,lunch,False,False,True,False
TXN_AARAV_20251110_0602,2025-11-10,2025-11-10T20:10:32+05:30,e69326fa-f75f-53d1-915f-cd743d715fa5,deposit,DEBIT,UPI,473.00,UPI/DE/ZOMATO/Bangalore dinner order,112878.85,food_delivery,dinner,False,False,True,False
TXN_AARAV_20251111_0603,2025-11-11,2025-11-11T11:34:47+05:30,e69326fa-f75f-53d1-915f-cd743d715fa5,deposit,DEBIT,UPI,153.00,UPI/DE/CAFE COFFEE DAY/Bangalore coffee,112725.85,coffee,morning_coffee,False,False,True,False
TXN_AARAV_20251111_0604,2025-11-11,2025-11-11T20:25:16+05:30,e69326fa-f75f-53d1-915f-cd743d715fa5,deposit,DEBIT,UPI,354.00,UPI/DE/SWIGGY/Bangalore dinner order,112371.85,food_delivery,dinner,False,False,True,False
TXN_AARAV_20251112_0605,2025-11-12,2025-11-12T01:14:11+05:30,e69326fa-f75f-53d1-915f-cd743d715fa5,deposit,DEBIT,CARD,649.00,CARD/DE/RECURRING/NETFLIX/SUBSCRIPTION,111722.85,subscription,netflix,False,True,False,True
TXN_AARAV_20251112_0606,2025-11-12,2025-11-12T09:46:53+05:30,e69326fa-f75f-53d1-915f-cd743d715fa5,deposit,DEBIT,UPI,229.00,UPI/DE/RAPIDO/Bangalore trip,111493.85,commute,cab_to_work,False,False,True,False
TXN_AARAV_20251112_0607,2025-11-12,2025-11-12T11:31:07+05:30,e69326fa-f75f-53d1-915f-cd743d715fa5,deposit,DEBIT,UPI,146.00,UPI/DE/THIRD WAVE COFFEE/Bangalore coffee,111347.85,coffee,morning_coffee,False,False,True,False
TXN_AARAV_20251112_0608,2025-11-12,2025-11-12T12:38:51+05:30,e69326fa-f75f-53d1-915f-cd743d715fa5,deposit,DEBIT,UPI,1650.00,UPI/DE/BESCOM/ELECTRICITY BILL/NOV25,109697.85,utility,electricity,False,True,False,True
TXN_AARAV_20251112_0609,2025-11-12,2025-11-12T12:56:35+05:30,e69326fa-f75f-53d1-915f-cd743d715fa5,deposit,DEBIT,UPI,239.00,UPI/DE/SWIGGY/Bangalore lunch,109458.85,food_delivery,lunch,False,False,True,False
TXN_AARAV_20251113_0610,2025-11-13,2025-11-13T09:04:31+05:30,e69326fa-f75f-53d1-915f-cd743d715fa5,deposit,DEBIT,CARD,36.00,CARD/DE/BMRCL METRO/Bangalore fare,109422.85,commute,metro,False,False,False,False
TXN_AARAV_20251113_0611,2025-11-13,2025-11-13T11:17:49+05:30,e69326fa-f75f-53d1-915f-cd743d715fa5,deposit,DEBIT,UPI,182.00,UPI/DE/THIRD WAVE COFFEE/Bangalore coffee,109240.85,coffee,morning_coffee,False,False,True,False
TXN_AARAV_20251113_0612,2025-11-13,2025-11-13T13:52:57+05:30,e69326fa-f75f-53d1-915f-cd743d715fa5,deposit,DEBIT,UPI,256.00,UPI/DE/OFFICE CANTEEN/Bangalore lunch,108984.85,food_delivery,lunch,False,False,True,False
TXN_AARAV_20251114_0613,2025-11-14,2025-11-14T02:44:57+05:30,e69326fa-f75f-53d1-915f-cd743d715fa5,deposit,DEBIT,CARD,119.00,CARD/DE/RECURRING/SPOTIFY/SUBSCRIPTION,108865.85,subscription,spotify,False,True,False,True
TXN_AARAV_20251114_0614,2025-11-14,2025-11-14T03:05:56+05:30,e69326fa-f75f-53d1-915f-cd743d715fa5,deposit,DEBIT,CARD,75.00,CARD/DE/RECURRING/ICLOUD/SUBSCRIPTION,108790.85,subscription,icloud,False,True,False,True
TXN_AARAV_20251114_0615,2025-11-14,2025-11-14T10:44:04+05:30,e69326fa-f75f-53d1-915f-cd743d715fa5,deposit,DEBIT,UPI,291.00,UPI/DE/UBER/Bangalore trip,108499.85,commute,cab_to_work,False,False,True,False
TXN_AARAV_20251114_0616,2025-11-14,2025-11-14T12:48:26+05:30,e69326fa-f75f-53d1-915f-cd743d715fa5,deposit,DEBIT,UPI,278.00,UPI/DE/BLUE TOKAI/Bangalore coffee,108221.85,coffee,morning_coffee,False,False,True,False
TXN_AARAV_20251114_0617,2025-11-14,2025-11-14T13:09:31+05:30,e69326fa-f75f-53d1-915f-cd743d715fa5,deposit,DEBIT,UPI,421.00,UPI/DE/OFFICE CANTEEN/Bangalore lunch,107800.85,food_delivery,lunch,False,False,True,False
TXN_AARAV_20251114_0618,2025-11-14,2025-11-14T19:10:40+05:30,e69326fa-f75f-53d1-915f-cd743d715fa5,deposit,DEBIT,UPI,186.00,UPI/DE/UBER/Bangalore trip,107614.85,commute,cab_from_work,False,False,True,False
TXN_AARAV_20251114_0619,2025-11-14,2025-11-14T20:36:15+05:30,e69326fa-f75f-53d1-915f-cd743d715fa5,deposit,DEBIT,CARD,1924.50,CARD/DE/BIERE CLUB/Bangalore dining,105690.35,eating_out,friday_social,False,False,True,False
TXN_AARAV_20251115_0620,2025-11-15,2025-11-15T13:05:55+05:30,e69326fa-f75f-53d1-915f-cd743d715fa5,deposit,DEBIT,UPI,2607.00,UPI/DE/BLINKIT/Bangalore grocery,103083.35,groceries,weekly_grocery,False,False,False,True
TXN_AARAV_20251115_0621,2025-11-15,2025-11-15T16:09:09+05:30,e69326fa-f75f-53d1-915f-cd743d715fa5,deposit,DEBIT,FT,999.00,FT/DE/ACT FIBERNET/BROADBAND BILL/NOV25,102084.35,utility,broadband,False,True,False,True
TXN_AARAV_20251115_0622,2025-11-15,2025-11-15T19:53:15+05:30,e69326fa-f75f-53d1-915f-cd743d715fa5,deposit,DEBIT,CARD,3381.00,CARD/DE/MTR/Bangalore dining,98703.35,eating_out,weekend_dining,False,False,True,False
TXN_AARAV_20251116_0623,2025-11-16,2025-11-16T12:49:46+05:30,e69326fa-f75f-53d1-915f-cd743d715fa5,deposit,DEBIT,UPI,518.00,UPI/DE/ZOMATO/Bangalore lunch order,98185.35,food_delivery,lunch,False,False,True,False
TXN_AARAV_20251116_0624,2025-11-16,2025-11-16T20:09:06+05:30,e69326fa-f75f-53d1-915f-cd743d715fa5,deposit,DEBIT,UPI,601.00,UPI/DE/DMART/Bangalore grocery,97584.35,groceries,grocery_topup,False,False,False,True
TXN_AARAV_20251117_0625,2025-11-17,2025-11-17T09:24:11+05:30,e69326fa-f75f-53d1-915f-cd743d715fa5,deposit,DEBIT,CARD,75.00,CARD/DE/BMRCL METRO/Bangalore fare,97509.35,commute,metro,False,False,False,False
TXN_AARAV_20251117_0626,2025-11-17,2025-11-17T10:19:04+05:30,e69326fa-f75f-53d1-915f-cd743d715fa5,deposit,DEBIT,UPI,202.00,UPI/DE/BLUE TOKAI/Bangalore coffee,97307.35,coffee,morning_coffee,False,False,True,False
TXN_AARAV_20251117_0627,2025-11-17,2025-11-17T12:11:31+05:30,e69326fa-f75f-53d1-915f-cd743d715fa5,deposit,DEBIT,UPI,330.00,UPI/DE/APOLLO PHARMACY/Bangalore pharmacy,96977.35,pharmacy,medicine,False,False,False,False
TXN_AARAV_20251117_0628,2025-11-17,2025-11-17T12:27:03+05:30,e69326fa-f75f-53d1-915f-cd743d715fa5,deposit,DEBIT,UPI,380.00,UPI/DE/ZOMATO/Bangalore lunch,96597.35,food_delivery,lunch,False,False,True,False
TXN_AARAV_20251117_0629,2025-11-17,2025-11-17T19:45:39+05:30,e69326fa-f75f-53d1-915f-cd743d715fa5,deposit,DEBIT,UPI,547.00,UPI/DE/SWIGGY/Bangalore dinner order,96050.35,food_delivery,dinner,False,False,True,False
TXN_AARAV_20251117_0630,2025-11-17,2025-11-17T23:59:48+05:30,e69326fa-f75f-53d1-915f-cd743d715fa5,deposit,DEBIT,UPI,371.00,UPI/DE/ZOMATO/late night food,95679.35,food_delivery,late_night_food,False,False,True,False
TXN_AARAV_20251118_0631,2025-11-18,2025-11-18T08:39:43+05:30,e69326fa-f75f-53d1-915f-cd743d715fa5,deposit,DEBIT,UPI,304.00,UPI/DE/RAPIDO/Bangalore trip,95375.35,commute,cab_to_work,False,False,True,False
TXN_AARAV_20251118_0632,2025-11-18,2025-11-18T11:59:46+05:30,e69326fa-f75f-53d1-915f-cd743d715fa5,deposit,DEBIT,UPI,272.00,UPI/DE/STARBUCKS/Bangalore coffee,95103.35,coffee,morning_coffee,False,False,True,False
TXN_AARAV_20251118_0633,2025-11-18,2025-11-18T15:26:10+05:30,e69326fa-f75f-53d1-915f-cd743d715fa5,deposit,DEBIT,UPI,599.00,UPI/DE/JIO/MOBILE BILL/NOV25,94504.35,utility,mobile,False,True,False,True
TXN_AARAV_20251119_0634,2025-11-19,2025-11-19T11:40:03+05:30,e69326fa-f75f-53d1-915f-cd743d715fa5,deposit,DEBIT,UPI,199.00,UPI/DE/BLUE TOKAI/Bangalore coffee,94305.35,coffee,morning_coffee,False,False,True,False
TXN_AARAV_20251119_0635,2025-11-19,2025-11-19T12:05:20+05:30,e69326fa-f75f-53d1-915f-cd743d715fa5,deposit,DEBIT,UPI,428.00,UPI/DE/ZOMATO/Bangalore lunch,93877.35,food_delivery,lunch,False,False,True,False
TXN_AARAV_20251119_0636,2025-11-19,2025-11-19T20:34:56+05:30,e69326fa-f75f-53d1-915f-cd743d715fa5,deposit,DEBIT,UPI,650.00,UPI/DE/ZOMATO/Bangalore dinner order,93227.35,food_delivery,dinner,False,False,True,False
TXN_AARAV_20251120_0637,2025-11-20,2025-11-20T02:24:40+05:30,e69326fa-f75f-53d1-915f-cd743d715fa5,deposit,DEBIT,CARD,179.00,CARD/DE/RECURRING/AMAZON PRIME/SUBSCRIPTION,93048.35,subscription,amazon_prime,False,True,False,True
TXN_AARAV_20251120_0638,2025-11-20,2025-11-20T09:10:11+05:30,e69326fa-f75f-53d1-915f-cd743d715fa5,deposit,DEBIT,UPI,230.00,UPI/DE/OLA/Bangalore trip,92818.35,commute,cab_to_work,False,False,True,False
TXN_AARAV_20251120_0639,2025-11-20,2025-11-20T12:05:55+05:30,e69326fa-f75f-53d1-915f-cd743d715fa5,deposit,DEBIT,UPI,198.00,UPI/DE/THIRD WAVE COFFEE/Bangalore coffee,92620.35,coffee,morning_coffee,False,False,True,False
TXN_AARAV_20251120_0640,2025-11-20,2025-11-20T12:27:13+05:30,e69326fa-f75f-53d1-915f-cd743d715fa5,deposit,DEBIT,UPI,376.00,UPI/DE/OFFICE CANTEEN/Bangalore lunch,92244.35,food_delivery,lunch,False,False,True,False
TXN_AARAV_20251120_0641,2025-11-20,2025-11-20T19:52:38+05:30,e69326fa-f75f-53d1-915f-cd743d715fa5,deposit,DEBIT,UPI,206.00,UPI/DE/OLA/Bangalore trip,92038.35,commute,cab_from_work,False,False,True,False
TXN_AARAV_20251121_0642,2025-11-21,2025-11-21T08:34:51+05:30,e69326fa-f75f-53d1-915f-cd743d715fa5,deposit,DEBIT,UPI,207.00,UPI/DE/RAPIDO/Bangalore trip,91831.35,commute,cab_to_work,False,False,True,False
TXN_AARAV_20251121_0643,2025-11-21,2025-11-21T10:16:12+05:30,e69326fa-f75f-53d1-915f-cd743d715fa5,deposit,DEBIT,UPI,176.00,UPI/DE/THIRD WAVE COFFEE/Bangalore coffee,91655.35,coffee,morning_coffee,False,False,True,False
TXN_AARAV_20251121_0644,2025-11-21,2025-11-21T13:35:12+05:30,e69326fa-f75f-53d1-915f-cd743d715fa5,deposit,DEBIT,UPI,291.00,UPI/DE/OFFICE CANTEEN/Bangalore lunch,91364.35,food_delivery,lunch,False,False,True,False
TXN_AARAV_20251121_0645,2025-11-21,2025-11-21T20:45:08+05:30,e69326fa-f75f-53d1-915f-cd743d715fa5,deposit,DEBIT,CARD,1075.25,CARD/DE/ARBOR BREWING/Bangalore dining,90289.10,eating_out,friday_social,False,False,True,False
TXN_AARAV_20251121_0646,2025-11-21,2025-11-21T20:49:59+05:30,e69326fa-f75f-53d1-915f-cd743d715fa5,deposit,DEBIT,UPI,320.00,UPI/DE/RAPIDO/Bangalore trip,89969.10,commute,cab_from_work,False,False,True,False
TXN_AARAV_20251122_0647,2025-11-22,2025-11-22T18:05:21+05:30,e69326fa-f75f-53d1-915f-cd743d715fa5,deposit,DEBIT,UPI,300.00,UPI/DE/BLUE TOKAI/Indiranagar coffee,89669.10,coffee,weekend_coffee,False,False,True,False
TXN_AARAV_20251122_0648,2025-11-22,2025-11-22T20:02:11+05:30,e69326fa-f75f-53d1-915f-cd743d715fa5,deposit,DEBIT,CARD,1318.00,CARD/DE/MTR/Bangalore dining,88351.10,eating_out,weekend_dining,False,False,True,False
TXN_AARAV_20251123_0649,2025-11-23,2025-11-23T13:43:41+05:30,e69326fa-f75f-53d1-915f-cd743d715fa5,deposit,DEBIT,UPI,483.00,UPI/DE/SWIGGY/Bangalore lunch order,87868.10,food_delivery,lunch,False,False,True,False
TXN_AARAV_20251123_0650,2025-11-23,2025-11-23T17:05:01+05:30,e69326fa-f75f-53d1-915f-cd743d715fa5,deposit,DEBIT,UPI,641.00,UPI/DE/DMART/Bangalore grocery,87227.10,groceries,grocery_topup,False,False,False,True
TXN_AARAV_20251123_0651,2025-11-23,2025-11-23T22:35:57+05:30,e69326fa-f75f-53d1-915f-cd743d715fa5,deposit,DEBIT,CARD,1773.00,CARD/DE/MTR/Bangalore dining,85454.10,eating_out,weekend_dining,False,False,True,False
TXN_AARAV_20251124_0652,2025-11-24,2025-11-24T08:36:06+05:30,e69326fa-f75f-53d1-915f-cd743d715fa5,deposit,DEBIT,CARD,74.00,CARD/DE/BMRCL METRO/Bangalore fare,85380.10,commute,metro,False,False,False,False
TXN_AARAV_20251124_0653,2025-11-24,2025-11-24T14:14:35+05:30,e69326fa-f75f-53d1-915f-cd743d715fa5,deposit,DEBIT,UPI,239.00,UPI/DE/SWIGGY/Bangalore lunch,85141.10,food_delivery,lunch,False,False,True,False
TXN_AARAV_20251124_0654,2025-11-24,2025-11-24T16:17:02+05:30,e69326fa-f75f-53d1-915f-cd743d715fa5,deposit,DEBIT,ATM,3000.00,ATM/DE/HDFC ATM BANGALORE/CASH WITHDRAWAL,82141.10,cash_withdrawal,atm,False,False,False,False
TXN_AARAV_20251125_0655,2025-11-25,2025-11-25T10:20:06+05:30,e69326fa-f75f-53d1-915f-cd743d715fa5,deposit,DEBIT,UPI,243.00,UPI/DE/CAFE COFFEE DAY/Bangalore coffee,81898.10,coffee,morning_coffee,False,False,True,False
TXN_AARAV_20251125_0656,2025-11-25,2025-11-25T10:22:43+05:30,e69326fa-f75f-53d1-915f-cd743d715fa5,deposit,CREDIT,UPI,11209.00,UPI/CR/FREELANCE CLIENT/CONSULTING/NOV25,93107.10,freelance_income,consulting,True,False,False,False
TXN_AARAV_20251126_0657,2025-11-26,2025-11-26T11:22:50+05:30,e69326fa-f75f-53d1-915f-cd743d715fa5,deposit,DEBIT,UPI,238.00,UPI/DE/CAFE COFFEE DAY/Bangalore coffee,92869.10,coffee,morning_coffee,False,False,True,False
TXN_AARAV_20251127_0658,2025-11-27,2025-11-27T10:03:51+05:30,e69326fa-f75f-53d1-915f-cd743d715fa5,deposit,DEBIT,UPI,176.00,UPI/DE/STARBUCKS/Bangalore coffee,92693.10,coffee,morning_coffee,False,False,True,False
TXN_AARAV_20251127_0659,2025-11-27,2025-11-27T22:56:11+05:30,e69326fa-f75f-53d1-915f-cd743d715fa5,deposit,DEBIT,UPI,301.00,UPI/DE/SWIGGY/Bangalore dinner order,92392.10,food_delivery,dinner,False,False,True,False
TXN_AARAV_20251128_0660,2025-11-28,2025-11-28T08:02:53+05:30,e69326fa-f75f-53d1-915f-cd743d715fa5,deposit,DEBIT,CARD,74.00,CARD/DE/BMRCL METRO/Bangalore fare,92318.10,commute,metro,False,False,False,False
TXN_AARAV_20251128_0661,2025-11-28,2025-11-28T11:33:56+05:30,e69326fa-f75f-53d1-915f-cd743d715fa5,deposit,DEBIT,UPI,136.00,UPI/DE/CAFE COFFEE DAY/Bangalore coffee,92182.10,coffee,morning_coffee,False,False,True,False
TXN_AARAV_20251128_0662,2025-11-28,2025-11-28T11:48:50+05:30,e69326fa-f75f-53d1-915f-cd743d715fa5,deposit,CREDIT,FT,165000.00,FT/CR/ACME TECH SALARY/NOV25,257182.10,salary,monthly_salary,True,False,False,True
TXN_AARAV_20251128_0663,2025-11-28,2025-11-28T13:10:49+05:30,e69326fa-f75f-53d1-915f-cd743d715fa5,deposit,DEBIT,UPI,255.00,UPI/DE/OFFICE CANTEEN/Bangalore lunch,256927.10,food_delivery,lunch,False,False,True,False
TXN_AARAV_20251128_0664,2025-11-28,2025-11-28T22:36:47+05:30,e69326fa-f75f-53d1-915f-cd743d715fa5,deposit,DEBIT,CARD,2783.30,CARD/DE/BIERE CLUB/Bangalore dining,254143.80,eating_out,friday_social,False,False,True,False
TXN_AARAV_20251129_0665,2025-11-29,2025-11-29T10:42:23+05:30,e69326fa-f75f-53d1-915f-cd743d715fa5,deposit,DEBIT,UPI,3021.20,UPI/DE/BLINKIT/Bangalore grocery,251122.60,groceries,weekly_grocery,False,False,False,True
TXN_AARAV_20251129_0666,2025-11-29,2025-11-29T14:41:02+05:30,e69326fa-f75f-53d1-915f-cd743d715fa5,deposit,DEBIT,CARD,3790.80,CARD/DE/ZARA/shopping,247331.80,fashion,impulse_shopping,False,False,True,False
TXN_AARAV_20251129_0667,2025-11-29,2025-11-29T19:26:17+05:30,e69326fa-f75f-53d1-915f-cd743d715fa5,deposit,DEBIT,FT,8000.00,FT/DE/INTERNAL/GOAL SAVINGS/BALI VACATION,239331.80,goal_allocation,vacation_bali,False,False,False,True
TXN_AARAV_20251129_0668,2025-11-29,2025-11-29T20:12:08+05:30,e69326fa-f75f-53d1-915f-cd743d715fa5,deposit,DEBIT,FT,10000.00,FT/DE/INTERNAL/GOAL SAVINGS/EMERGENCY FUND,229331.80,goal_allocation,emergency_fund,False,False,False,True
TXN_AARAV_20251129_0669,2025-11-29,2025-11-29T20:22:09+05:30,e69326fa-f75f-53d1-915f-cd743d715fa5,deposit,DEBIT,CARD,1228.50,CARD/DE/MEGHANA FOODS/Bangalore dining,228103.30,eating_out,weekend_dining,False,False,True,False
TXN_AARAV_20251130_0670,2025-11-30,2025-11-30T17:51:56+05:30,e69326fa-f75f-53d1-915f-cd743d715fa5,deposit,DEBIT,UPI,1288.30,UPI/DE/BLINKIT/Bangalore grocery,226815.00,groceries,grocery_topup,False,False,False,True
TXN_AARAV_20251130_0671,2025-11-30,2025-11-30T22:22:36+05:30,e69326fa-f75f-53d1-915f-cd743d715fa5,deposit,DEBIT,FT,6000.00,FT/DE/INTERNAL/GOAL SAVINGS/NEW LAPTOP,220815.00,goal_allocation,laptop,False,False,False,True
TXN_AARAV_20251201_0672,2025-12-01,2025-12-01T10:20:14+05:30,e69326fa-f75f-53d1-915f-cd743d715fa5,deposit,DEBIT,UPI,195.00,UPI/DE/CAFE COFFEE DAY/Bangalore coffee,220620.00,coffee,morning_coffee,False,False,True,False
TXN_AARAV_20251201_0673,2025-12-01,2025-12-01T10:30:51+05:30,e69326fa-f75f-53d1-915f-cd743d715fa5,deposit,DEBIT,UPI,262.00,UPI/DE/RAPIDO/Bangalore trip,220358.00,commute,cab_to_work,False,False,True,False
TXN_AARAV_20251201_0674,2025-12-01,2025-12-01T13:36:08+05:30,e69326fa-f75f-53d1-915f-cd743d715fa5,deposit,DEBIT,UPI,259.00,UPI/DE/ZOMATO/Bangalore lunch,220099.00,food_delivery,lunch,False,False,True,False
TXN_AARAV_20251201_0675,2025-12-01,2025-12-01T18:04:34+05:30,e69326fa-f75f-53d1-915f-cd743d715fa5,deposit,DEBIT,UPI,261.00,UPI/DE/RAPIDO/Bangalore trip,219838.00,commute,cab_from_work,False,False,True,False
TXN_AARAV_20251202_0676,2025-12-02,2025-12-02T08:05:42+05:30,e69326fa-f75f-53d1-915f-cd743d715fa5,deposit,DEBIT,UPI,247.00,UPI/DE/UBER/Bangalore trip,219591.00,commute,cab_to_work,False,False,True,False
TXN_AARAV_20251202_0677,2025-12-02,2025-12-02T12:39:11+05:30,e69326fa-f75f-53d1-915f-cd743d715fa5,deposit,DEBIT,UPI,242.00,UPI/DE/ZOMATO/Bangalore lunch,219349.00,food_delivery,lunch,False,False,True,False
TXN_AARAV_20251202_0678,2025-12-02,2025-12-02T19:18:34+05:30,e69326fa-f75f-53d1-915f-cd743d715fa5,deposit,DEBIT,UPI,196.00,UPI/DE/UBER/Bangalore trip,219153.00,commute,cab_from_work,False,False,True,False
TXN_AARAV_20251202_0679,2025-12-02,2025-12-02T21:50:53+05:30,e69326fa-f75f-53d1-915f-cd743d715fa5,deposit,DEBIT,UPI,468.00,UPI/DE/SWIGGY/Bangalore dinner order,218685.00,food_delivery,dinner,False,False,True,False
TXN_AARAV_20251202_0680,2025-12-02,2025-12-02T22:54:11+05:30,e69326fa-f75f-53d1-915f-cd743d715fa5,deposit,DEBIT,UPI,479.00,UPI/DE/ZOMATO/late night food,218206.00,food_delivery,late_night_food,False,False,True,False
TXN_AARAV_20251203_0681,2025-12-03,2025-12-03T10:41:35+05:30,e69326fa-f75f-53d1-915f-cd743d715fa5,deposit,DEBIT,UPI,251.00,UPI/DE/OLA/Bangalore trip,217955.00,commute,cab_to_work,False,False,True,False
TXN_AARAV_20251203_0682,2025-12-03,2025-12-03T12:36:02+05:30,e69326fa-f75f-53d1-915f-cd743d715fa5,deposit,DEBIT,UPI,228.00,UPI/DE/OFFICE CANTEEN/Bangalore lunch,217727.00,food_delivery,lunch,False,False,True,False
TXN_AARAV_20251203_0683,2025-12-03,2025-12-03T18:59:46+05:30,e69326fa-f75f-53d1-915f-cd743d715fa5,deposit,DEBIT,UPI,299.00,UPI/DE/OLA/Bangalore trip,217428.00,commute,cab_from_work,False,False,True,False
TXN_AARAV_20251203_0684,2025-12-03,2025-12-03T19:32:38+05:30,e69326fa-f75f-53d1-915f-cd743d715fa5,deposit,DEBIT,UPI,442.00,UPI/DE/SWIGGY/Bangalore dinner order,216986.00,food_delivery,dinner,False,False,True,False
TXN_AARAV_20251203_0685,2025-12-03,2025-12-03T20:22:32+05:30,e69326fa-f75f-53d1-915f-cd743d715fa5,deposit,DEBIT,UPI,445.00,UPI/DE/FLIPKART/Bangalore household,216541.00,household,household_items,False,False,True,False
TXN_AARAV_20251204_0686,2025-12-04,2025-12-04T09:34:56+05:30,e69326fa-f75f-53d1-915f-cd743d715fa5,deposit,DEBIT,UPI,307.00,UPI/DE/UBER/Bangalore trip,216234.00,commute,cab_to_work,False,False,True,False
TXN_AARAV_20251204_0687,2025-12-04,2025-12-04T13:11:26+05:30,e69326fa-f75f-53d1-915f-cd743d715fa5,deposit,DEBIT,UPI,218.00,UPI/DE/SWIGGY/Bangalore lunch,216016.00,food_delivery,lunch,False,False,True,False
TXN_AARAV_20251204_0688,2025-12-04,2025-12-04T19:46:36+05:30,e69326fa-f75f-53d1-915f-cd743d715fa5,deposit,DEBIT,UPI,310.00,UPI/DE/UBER/Bangalore trip,215706.00,commute,cab_from_work,False,False,True,False
TXN_AARAV_20251204_0689,2025-12-04,2025-12-04T21:46:37+05:30,e69326fa-f75f-53d1-915f-cd743d715fa5,deposit,DEBIT,UPI,539.00,UPI/DE/ZOMATO/Bangalore dinner order,215167.00,food_delivery,dinner,False,False,True,False
TXN_AARAV_20251204_0690,2025-12-04,2025-12-04T22:21:31+05:30,e69326fa-f75f-53d1-915f-cd743d715fa5,deposit,DEBIT,UPI,407.00,UPI/DE/ZOMATO/late night food,214760.00,food_delivery,late_night_food,False,False,True,False
TXN_AARAV_20251205_0691,2025-12-05,2025-12-05T08:03:45+05:30,e69326fa-f75f-53d1-915f-cd743d715fa5,deposit,DEBIT,CARD,78.00,CARD/DE/BMRCL METRO/Bangalore fare,214682.00,commute,metro,False,False,False,False
TXN_AARAV_20251205_0692,2025-12-05,2025-12-05T10:41:08+05:30,e69326fa-f75f-53d1-915f-cd743d715fa5,deposit,DEBIT,UPI,268.00,UPI/DE/STARBUCKS/Bangalore coffee,214414.00,coffee,morning_coffee,False,False,True,False
TXN_AARAV_20251205_0693,2025-12-05,2025-12-05T12:44:49+05:30,e69326fa-f75f-53d1-915f-cd743d715fa5,deposit,DEBIT,UPI,42000.00,UPI/DE/RENT TO LANDLORD/DEC25,172414.00,rent,monthly_rent,False,True,False,True
TXN_AARAV_20251205_0694,2025-12-05,2025-12-05T13:33:20+05:30,e69326fa-f75f-53d1-915f-cd743d715fa5,deposit,DEBIT,UPI,261.00,UPI/DE/SWIGGY/Bangalore lunch,172153.00,food_delivery,lunch,False,False,True,False
TXN_AARAV_20251205_0695,2025-12-05,2025-12-05T20:03:53+05:30,e69326fa-f75f-53d1-915f-cd743d715fa5,deposit,DEBIT,CARD,1124.50,CARD/DE/BYG BREWSKI/Bangalore dining,171028.50,eating_out,friday_social,False,False,True,False
TXN_AARAV_20251205_0696,2025-12-05,2025-12-05T22:46:03+05:30,e69326fa-f75f-53d1-915f-cd743d715fa5,deposit,DEBIT,UPI,264.00,UPI/DE/ZOMATO/late night food,170764.50,food_delivery,late_night_food,False,False,True,False
TXN_AARAV_20251206_0697,2025-12-06,2025-12-06T10:25:51+05:30,e69326fa-f75f-53d1-915f-cd743d715fa5,deposit,DEBIT,FT,10000.00,NACH/DE/SIP MUTUAL FUND/HDFC BLUECHIP FUND/DEC25,160764.50,sip,mutual_fund_sip,False,True,False,True
TXN_AARAV_20251206_0698,2025-12-06,2025-12-06T13:59:10+05:30,e69326fa-f75f-53d1-915f-cd743d715fa5,deposit,DEBIT,UPI,1983.80,UPI/DE/BIGBASKET/Bangalore grocery,158780.70,groceries,weekly_grocery,False,False,False,True
TXN_AARAV_20251206_0699,2025-12-06,2025-12-06T15:20:57+05:30,e69326fa-f75f-53d1-915f-cd743d715fa5,deposit,DEBIT,UPI,318.00,UPI/DE/STARBUCKS/Indiranagar coffee,158462.70,coffee,weekend_coffee,False,False,True,False
TXN_AARAV_20251206_0700,2025-12-06,2025-12-06T17:30:24+05:30,e69326fa-f75f-53d1-915f-cd743d715fa5,deposit,DEBIT,CARD,4730.70,CARD/DE/AMAZON/shopping,153732.00,fashion,impulse_shopping,False,False,True,False
TXN_AARAV_20251206_0701,2025-12-06,2025-12-06T19:23:13+05:30,e69326fa-f75f-53d1-915f-cd743d715fa5,deposit,DEBIT,CARD,1865.50,CARD/DE/MTR/Bangalore dining,151866.50,eating_out,weekend_dining,False,False,True,False
TXN_AARAV_20251207_0702,2025-12-07,2025-12-07T13:05:03+05:30,e69326fa-f75f-53d1-915f-cd743d715fa5,deposit,DEBIT,UPI,559.00,UPI/DE/ZOMATO/Bangalore lunch order,151307.50,food_delivery,lunch,False,False,True,False
TXN_AARAV_20251207_0703,2025-12-07,2025-12-07T19:48:22+05:30,e69326fa-f75f-53d1-915f-cd743d715fa5,deposit,DEBIT,UPI,612.30,UPI/DE/BIGBASKET/Bangalore grocery,150695.20,groceries,grocery_topup,False,False,False,True
TXN_AARAV_20251207_0704,2025-12-07,2025-12-07T22:16:46+05:30,e69326fa-f75f-53d1-915f-cd743d715fa5,deposit,DEBIT,CARD,1818.70,CARD/DE/EMPIRE RESTAURANT/Bangalore dining,148876.50,eating_out,weekend_dining,False,False,True,False
TXN_AARAV_20251208_0705,2025-12-08,2025-12-08T08:07:32+05:30,e69326fa-f75f-53d1-915f-cd743d715fa5,deposit,DEBIT,CARD,48.00,CARD/DE/BMRCL METRO/Bangalore fare,148828.50,commute,metro,False,False,False,False
TXN_AARAV_20251208_0706,2025-12-08,2025-12-08T12:15:02+05:30,e69326fa-f75f-53d1-915f-cd743d715fa5,deposit,DEBIT,UPI,134.00,UPI/DE/BLUE TOKAI/Bangalore coffee,148694.50,coffee,morning_coffee,False,False,True,False
TXN_AARAV_20251208_0707,2025-12-08,2025-12-08T14:16:05+05:30,e69326fa-f75f-53d1-915f-cd743d715fa5,deposit,DEBIT,UPI,334.00,UPI/DE/SWIGGY/Bangalore lunch,148360.50,food_delivery,lunch,False,False,True,False
TXN_AARAV_20251208_0708,2025-12-08,2025-12-08T23:35:24+05:30,e69326fa-f75f-53d1-915f-cd743d715fa5,deposit,DEBIT,UPI,379.00,UPI/DE/SWIGGY/late night food,147981.50,food_delivery,late_night_food,False,False,True,False
TXN_AARAV_20251209_0709,2025-12-09,2025-12-09T09:41:44+05:30,e69326fa-f75f-53d1-915f-cd743d715fa5,deposit,DEBIT,UPI,290.00,UPI/DE/RAPIDO/Bangalore trip,147691.50,commute,cab_to_work,False,False,True,False
TXN_AARAV_20251209_0710,2025-12-09,2025-12-09T12:44:40+05:30,e69326fa-f75f-53d1-915f-cd743d715fa5,deposit,DEBIT,UPI,257.00,UPI/DE/BLUE TOKAI/Bangalore coffee,147434.50,coffee,morning_coffee,False,False,True,False
TXN_AARAV_20251209_0711,2025-12-09,2025-12-09T13:06:47+05:30,e69326fa-f75f-53d1-915f-cd743d715fa5,deposit,DEBIT,UPI,428.00,UPI/DE/OFFICE CANTEEN/Bangalore lunch,147006.50,food_delivery,lunch,False,False,True,False
TXN_AARAV_20251209_0712,2025-12-09,2025-12-09T16:40:28+05:30,e69326fa-f75f-53d1-915f-cd743d715fa5,deposit,DEBIT,UPI,722.00,UPI/DE/AMAZON/Bangalore household,146284.50,household,household_items,False,False,True,False
TXN_AARAV_20251209_0713,2025-12-09,2025-12-09T18:49:30+05:30,e69326fa-f75f-53d1-915f-cd743d715fa5,deposit,DEBIT,ATM,5000.00,ATM/DE/HDFC ATM BANGALORE/CASH WITHDRAWAL,141284.50,cash_withdrawal,atm,False,False,False,False
TXN_AARAV_20251209_0714,2025-12-09,2025-12-09T21:26:45+05:30,e69326fa-f75f-53d1-915f-cd743d715fa5,deposit,DEBIT,UPI,263.00,UPI/DE/RAPIDO/Bangalore trip,141021.50,commute,cab_from_work,False,False,True,False
TXN_AARAV_20251210_0715,2025-12-10,2025-12-10T09:20:29+05:30,e69326fa-f75f-53d1-915f-cd743d715fa5,deposit,DEBIT,FT,5000.00,NACH/DE/SIP MUTUAL FUND/AXIS MIDCAP FUND/DEC25,136021.50,sip,mutual_fund_sip,False,True,False,True
TXN_AARAV_20251210_0716,2025-12-10,2025-12-10T10:33:41+05:30,e69326fa-f75f-53d1-915f-cd743d715fa5,deposit,DEBIT,UPI,129.00,UPI/DE/THIRD WAVE COFFEE/Bangalore coffee,135892.50,coffee,morning_coffee,False,False,True,False
TXN_AARAV_20251210_0717,2025-12-10,2025-12-10T13:34:22+05:30,e69326fa-f75f-53d1-915f-cd743d715fa5,deposit,DEBIT,UPI,217.00,UPI/DE/OFFICE CANTEEN/Bangalore lunch,135675.50,food_delivery,lunch,False,False,True,False
TXN_AARAV_20251210_0718,2025-12-10,2025-12-10T21:11:29+05:30,e69326fa-f75f-53d1-915f-cd743d715fa5,deposit,DEBIT,UPI,634.00,UPI/DE/SWIGGY/Bangalore dinner order,135041.50,food_delivery,dinner,False,False,True,False
TXN_AARAV_20251210_0719,2025-12-10,2025-12-10T22:58:02+05:30,e69326fa-f75f-53d1-915f-cd743d715fa5,deposit,DEBIT,UPI,501.00,UPI/DE/SWIGGY/late night food,134540.50,food_delivery,late_night_food,False,False,True,False
TXN_AARAV_20251211_0720,2025-12-11,2025-12-11T08:01:33+05:30,e69326fa-f75f-53d1-915f-cd743d715fa5,deposit,DEBIT,CARD,33.00,CARD/DE/BMRCL METRO/Bangalore fare,134507.50,commute,metro,False,False,False,False
TXN_AARAV_20251211_0721,2025-12-11,2025-12-11T12:24:11+05:30,e69326fa-f75f-53d1-915f-cd743d715fa5,deposit,DEBIT,UPI,274.00,UPI/DE/STARBUCKS/Bangalore coffee,134233.50,coffee,morning_coffee,False,False,True,False
TXN_AARAV_20251211_0722,2025-12-11,2025-12-11T14:47:45+05:30,e69326fa-f75f-53d1-915f-cd743d715fa5,deposit,DEBIT,UPI,277.00,UPI/DE/ZOMATO/Bangalore lunch,133956.50,food_delivery,lunch,False,False,True,False
TXN_AARAV_20251211_0723,2025-12-11,2025-12-11T22:43:19+05:30,e69326fa-f75f-53d1-915f-cd743d715fa5,deposit,DEBIT,UPI,489.00,UPI/DE/SWIGGY/Bangalore dinner order,133467.50,food_delivery,dinner,False,False,True,False
TXN_AARAV_20251212_0724,2025-12-12,2025-12-12T01:30:16+05:30,e69326fa-f75f-53d1-915f-cd743d715fa5,deposit,DEBIT,CARD,649.00,CARD/DE/RECURRING/NETFLIX/SUBSCRIPTION,132818.50,subscription,netflix,False,True,False,True
TXN_AARAV_20251212_0725,2025-12-12,2025-12-12T08:33:03+05:30,e69326fa-f75f-53d1-915f-cd743d715fa5,deposit,DEBIT,CARD,52.00,CARD/DE/BMRCL METRO/Bangalore fare,132766.50,commute,metro,False,False,False,False
TXN_AARAV_20251212_0726,2025-12-12,2025-12-12T12:04:40+05:30,e69326fa-f75f-53d1-915f-cd743d715fa5,deposit,DEBIT,UPI,247.00,UPI/DE/STARBUCKS/Bangalore coffee,132519.50,coffee,morning_coffee,False,False,True,False
TXN_AARAV_20251212_0727,2025-12-12,2025-12-12T12:42:59+05:30,e69326fa-f75f-53d1-915f-cd743d715fa5,deposit,DEBIT,UPI,399.00,UPI/DE/SWIGGY/Bangalore lunch,132120.50,food_delivery,lunch,False,False,True,False
TXN_AARAV_20251212_0728,2025-12-12,2025-12-12T13:57:27+05:30,e69326fa-f75f-53d1-915f-cd743d715fa5,deposit,DEBIT,UPI,1590.00,UPI/DE/BESCOM/ELECTRICITY BILL/DEC25,130530.50,utility,electricity,False,True,False,True
TXN_AARAV_20251212_0729,2025-12-12,2025-12-12T20:12:24+05:30,e69326fa-f75f-53d1-915f-cd743d715fa5,deposit,DEBIT,UPI,501.00,UPI/DE/ZOMATO/Bangalore dinner order,130029.50,food_delivery,dinner,False,False,True,False
TXN_AARAV_20251212_0730,2025-12-12,2025-12-12T22:58:10+05:30,e69326fa-f75f-53d1-915f-cd743d715fa5,deposit,DEBIT,CARD,1686.00,CARD/DE/ARBOR BREWING/Bangalore dining,128343.50,eating_out,friday_social,False,False,True,False
TXN_AARAV_20251212_0731,2025-12-12,2025-12-12T23:03:30+05:30,e69326fa-f75f-53d1-915f-cd743d715fa5,deposit,DEBIT,UPI,472.00,UPI/DE/ZOMATO/late night food,127871.50,food_delivery,late_night_food,False,False,True,False
TXN_AARAV_20251213_0732,2025-12-13,2025-12-13T12:01:46+05:30,e69326fa-f75f-53d1-915f-cd743d715fa5,deposit,DEBIT,UPI,2635.50,UPI/DE/BLINKIT/Bangalore grocery,125236.00,groceries,weekly_grocery,False,False,False,True
TXN_AARAV_20251213_0733,2025-12-13,2025-12-13T20:29:35+05:30,e69326fa-f75f-53d1-915f-cd743d715fa5,deposit,DEBIT,CARD,3681.00,CARD/DE/TOIT/Bangalore dining,121555.00,eating_out,weekend_dining,False,False,True,False
TXN_AARAV_20251214_0734,2025-12-14,2025-12-14T00:51:57+05:30,e69326fa-f75f-53d1-915f-cd743d715fa5,deposit,DEBIT,CARD,75.00,CARD/DE/RECURRING/ICLOUD/SUBSCRIPTION,121480.00,subscription,icloud,False,True,False,True
TXN_AARAV_20251214_0735,2025-12-14,2025-12-14T05:18:56+05:30,e69326fa-f75f-53d1-915f-cd743d715fa5,deposit,DEBIT,CARD,119.00,CARD/DE/RECURRING/SPOTIFY/SUBSCRIPTION,121361.00,subscription,spotify,False,True,False,True
TXN_AARAV_20251214_0736,2025-12-14,2025-12-14T13:58:43+05:30,e69326fa-f75f-53d1-915f-cd743d715fa5,deposit,DEBIT,UPI,480.00,UPI/DE/ZOMATO/Bangalore lunch order,120881.00,food_delivery,lunch,False,False,True,False
TXN_AARAV_20251214_0737,2025-12-14,2025-12-14T14:06:39+05:30,e69326fa-f75f-53d1-915f-cd743d715fa5,deposit,DEBIT,UPI,780.00,UPI/DE/FLIPKART/Bangalore household,120101.00,household,household_items,False,False,True,False
TXN_AARAV_20251214_0738,2025-12-14,2025-12-14T17:06:39+05:30,e69326fa-f75f-53d1-915f-cd743d715fa5,deposit,DEBIT,UPI,714.00,UPI/DE/ZEPTO/Bangalore grocery,119387.00,groceries,grocery_topup,False,False,False,True
TXN_AARAV_20251214_0739,2025-12-14,2025-12-14T18:49:27+05:30,e69326fa-f75f-53d1-915f-cd743d715fa5,deposit,DEBIT,UPI,373.00,UPI/DE/THIRD WAVE COFFEE/Indiranagar coffee,119014.00,coffee,weekend_coffee,False,False,True,False
TXN_AARAV_20251215_0740,2025-12-15,2025-12-15T09:09:53+05:30,e69326fa-f75f-53d1-915f-cd743d715fa5,deposit,DEBIT,UPI,336.00,UPI/DE/OLA/Bangalore trip,118678.00,commute,cab_to_work,False,False,True,False
TXN_AARAV_20251215_0741,2025-12-15,2025-12-15T12:22:13+05:30,e69326fa-f75f-53d1-915f-cd743d715fa5,deposit,DEBIT,UPI,122.00,UPI/DE/BLUE TOKAI/Bangalore coffee,118556.00,coffee,morning_coffee,False,False,True,False
TXN_AARAV_20251215_0742,2025-12-15,2025-12-15T18:19:35+05:30,e69326fa-f75f-53d1-915f-cd743d715fa5,deposit,DEBIT,FT,999.00,FT/DE/ACT FIBERNET/BROADBAND BILL/DEC25,117557.00,utility,broadband,False,True,False,True
TXN_AARAV_20251215_0743,2025-12-15,2025-12-15T19:29:08+05:30,e69326fa-f75f-53d1-915f-cd743d715fa5,deposit,DEBIT,UPI,391.00,UPI/DE/SWIGGY/Bangalore dinner order,117166.00,food_delivery,dinner,False,False,True,False
TXN_AARAV_20251215_0744,2025-12-15,2025-12-15T19:36:34+05:30,e69326fa-f75f-53d1-915f-cd743d715fa5,deposit,DEBIT,UPI,226.00,UPI/DE/OLA/Bangalore trip,116940.00,commute,cab_from_work,False,False,True,False
TXN_AARAV_20251215_0745,2025-12-15,2025-12-15T23:46:03+05:30,e69326fa-f75f-53d1-915f-cd743d715fa5,deposit,DEBIT,UPI,258.00,UPI/DE/SWIGGY/late night food,116682.00,food_delivery,late_night_food,False,False,True,False
TXN_AARAV_20251216_0746,2025-12-16,2025-12-16T09:13:16+05:30,e69326fa-f75f-53d1-915f-cd743d715fa5,deposit,DEBIT,CARD,63.00,CARD/DE/BMRCL METRO/Bangalore fare,116619.00,commute,metro,False,False,False,False
TXN_AARAV_20251216_0747,2025-12-16,2025-12-16T20:12:15+05:30,e69326fa-f75f-53d1-915f-cd743d715fa5,deposit,DEBIT,UPI,738.00,UPI/DE/FLIPKART/Bangalore household,115881.00,household,household_items,False,False,True,False
TXN_AARAV_20251217_0748,2025-12-17,2025-12-17T10:07:43+05:30,e69326fa-f75f-53d1-915f-cd743d715fa5,deposit,DEBIT,UPI,237.00,UPI/DE/UBER/Bangalore trip,115644.00,commute,cab_to_work,False,False,True,False
TXN_AARAV_20251217_0749,2025-12-17,2025-12-17T10:43:02+05:30,e69326fa-f75f-53d1-915f-cd743d715fa5,deposit,DEBIT,UPI,171.00,UPI/DE/BLUE TOKAI/Bangalore coffee,115473.00,coffee,morning_coffee,False,False,True,False
TXN_AARAV_20251217_0750,2025-12-17,2025-12-17T20:37:57+05:30,e69326fa-f75f-53d1-915f-cd743d715fa5,deposit,DEBIT,UPI,364.00,UPI/DE/UBER/Bangalore trip,115109.00,commute,cab_from_work,False,False,True,False
TXN_AARAV_20251217_0751,2025-12-17,2025-12-17T22:37:22+05:30,e69326fa-f75f-53d1-915f-cd743d715fa5,deposit,DEBIT,UPI,336.00,UPI/DE/SWIGGY/late night food,114773.00,food_delivery,late_night_food,False,False,True,False
TXN_AARAV_20251217_0752,2025-12-17,2025-12-17T22:55:12+05:30,e69326fa-f75f-53d1-915f-cd743d715fa5,deposit,DEBIT,UPI,317.00,UPI/DE/SWIGGY/Bangalore dinner order,114456.00,food_delivery,dinner,False,False,True,False
TXN_AARAV_20251218_0753,2025-12-18,2025-12-18T08:26:21+05:30,e69326fa-f75f-53d1-915f-cd743d715fa5,deposit,DEBIT,CARD,62.00,CARD/DE/BMRCL METRO/Bangalore fare,114394.00,commute,metro,False,False,False,False
TXN_AARAV_20251218_0754,2025-12-18,2025-12-18T10:45:00+05:30,e69326fa-f75f-53d1-915f-cd743d715fa5,deposit,DEBIT,UPI,599.00,UPI/DE/JIO/MOBILE BILL/DEC25,113795.00,utility,mobile,False,True,False,True
TXN_AARAV_20251218_0755,2025-12-18,2025-12-18T12:34:34+05:30,e69326fa-f75f-53d1-915f-cd743d715fa5,deposit,DEBIT,UPI,340.00,UPI/DE/SWIGGY/Bangalore lunch,113455.00,food_delivery,lunch,False,False,True,False
TXN_AARAV_20251218_0756,2025-12-18,2025-12-18T22:05:42+05:30,e69326fa-f75f-53d1-915f-cd743d715fa5,deposit,DEBIT,UPI,336.00,UPI/DE/SWIGGY/Bangalore dinner order,113119.00,food_delivery,dinner,False,False,True,False
TXN_AARAV_20251218_0757,2025-12-18,2025-12-18T22:28:08+05:30,e69326fa-f75f-53d1-915f-cd743d715fa5,deposit,DEBIT,UPI,366.00,UPI/DE/SWIGGY/late night food,112753.00,food_delivery,late_night_food,False,False,True,False
TXN_AARAV_20251219_0758,2025-12-19,2025-12-19T13:38:33+05:30,e69326fa-f75f-53d1-915f-cd743d715fa5,deposit,DEBIT,UPI,286.00,UPI/DE/SWIGGY/Bangalore lunch,112467.00,food_delivery,lunch,False,False,True,False
TXN_AARAV_20251219_0759,2025-12-19,2025-12-19T21:37:38+05:30,e69326fa-f75f-53d1-915f-cd743d715fa5,deposit,DEBIT,CARD,3262.50,CARD/DE/BYG BREWSKI/Bangalore dining,109204.50,eating_out,friday_social,False,False,True,False
TXN_AARAV_20251219_0760,2025-12-19,2025-12-19T22:10:49+05:30,e69326fa-f75f-53d1-915f-cd743d715fa5,deposit,DEBIT,UPI,404.00,UPI/DE/SWIGGY/late night food,108800.50,food_delivery,late_night_food,False,False,True,False
TXN_AARAV_20251220_0761,2025-12-20,2025-12-20T05:56:08+05:30,e69326fa-f75f-53d1-915f-cd743d715fa5,deposit,DEBIT,CARD,179.00,CARD/DE/RECURRING/AMAZON PRIME/SUBSCRIPTION,108621.50,subscription,amazon_prime,False,True,False,True
TXN_AARAV_20251220_0762,2025-12-20,2025-12-20T12:48:19+05:30,e69326fa-f75f-53d1-915f-cd743d715fa5,deposit,DEBIT,UPI,2921.00,UPI/DE/DMART/Bangalore grocery,105700.50,groceries,weekly_grocery,False,False,False,True
TXN_AARAV_20251220_0763,2025-12-20,2025-12-20T13:19:10+05:30,e69326fa-f75f-53d1-915f-cd743d715fa5,deposit,DEBIT,UPI,203.00,UPI/DE/APOLLO PHARMACY/Bangalore pharmacy,105497.50,pharmacy,medicine,False,False,False,False
TXN_AARAV_20251220_0764,2025-12-20,2025-12-20T17:40:53+05:30,e69326fa-f75f-53d1-915f-cd743d715fa5,deposit,DEBIT,UPI,349.00,UPI/DE/THIRD WAVE COFFEE/Indiranagar coffee,105148.50,coffee,weekend_coffee,False,False,True,False
TXN_AARAV_20251220_0765,2025-12-20,2025-12-20T22:47:17+05:30,e69326fa-f75f-53d1-915f-cd743d715fa5,deposit,DEBIT,CARD,1416.00,CARD/DE/EMPIRE RESTAURANT/Bangalore dining,103732.50,eating_out,weekend_dining,False,False,True,False
TXN_AARAV_20251221_0766,2025-12-21,2025-12-21T14:42:33+05:30,e69326fa-f75f-53d1-915f-cd743d715fa5,deposit,DEBIT,UPI,422.00,UPI/DE/SWIGGY/Bangalore lunch order,103310.50,food_delivery,lunch,False,False,True,False
TXN_AARAV_20251221_0767,2025-12-21,2025-12-21T18:47:38+05:30,e69326fa-f75f-53d1-915f-cd743d715fa5,deposit,DEBIT,UPI,1125.00,UPI/DE/MORE SUPERMARKET/Bangalore grocery,102185.50,groceries,grocery_topup,False,False,False,True
TXN_AARAV_20251221_0768,2025-12-21,2025-12-21T22:35:03+05:30,e69326fa-f75f-53d1-915f-cd743d715fa5,deposit,DEBIT,CARD,1526.00,CARD/DE/MEGHANA FOODS/Bangalore dining,100659.50,eating_out,weekend_dining,False,False,True,False
TXN_AARAV_20251222_0769,2025-12-22,2025-12-22T08:03:58+05:30,e69326fa-f75f-53d1-915f-cd743d715fa5,deposit,DEBIT,UPI,212.00,UPI/DE/OLA/Bangalore trip,100447.50,commute,cab_to_work,False,False,True,False
TXN_AARAV_20251222_0770,2025-12-22,2025-12-22T19:18:25+05:30,e69326fa-f75f-53d1-915f-cd743d715fa5,deposit,DEBIT,UPI,228.00,UPI/DE/OLA/Bangalore trip,100219.50,commute,cab_from_work,False,False,True,False
TXN_AARAV_20251223_0771,2025-12-23,2025-12-23T10:04:27+05:30,e69326fa-f75f-53d1-915f-cd743d715fa5,deposit,DEBIT,UPI,188.00,UPI/DE/UBER/Bangalore trip,100031.50,commute,cab_to_work,False,False,True,False
TXN_AARAV_20251223_0772,2025-12-23,2025-12-23T18:53:38+05:30,e69326fa-f75f-53d1-915f-cd743d715fa5,deposit,DEBIT,UPI,220.00,UPI/DE/UBER/Bangalore trip,99811.50,commute,cab_from_work,False,False,True,False
TXN_AARAV_20251223_0773,2025-12-23,2025-12-23T23:05:21+05:30,e69326fa-f75f-53d1-915f-cd743d715fa5,deposit,DEBIT,UPI,484.00,UPI/DE/SWIGGY/late night food,99327.50,food_delivery,late_night_food,False,False,True,False
TXN_AARAV_20251224_0774,2025-12-24,2025-12-24T10:16:55+05:30,e69326fa-f75f-53d1-915f-cd743d715fa5,deposit,DEBIT,UPI,187.00,UPI/DE/BLUE TOKAI/Bangalore coffee,99140.50,coffee,morning_coffee,False,False,True,False
TXN_AARAV_20251224_0775,2025-12-24,2025-12-24T14:19:36+05:30,e69326fa-f75f-53d1-915f-cd743d715fa5,deposit,DEBIT,UPI,225.00,UPI/DE/ZOMATO/Bangalore lunch,98915.50,food_delivery,lunch,False,False,True,False
TXN_AARAV_20251224_0776,2025-12-24,2025-12-24T21:27:13+05:30,e69326fa-f75f-53d1-915f-cd743d715fa5,deposit,DEBIT,UPI,331.00,UPI/DE/SWIGGY/Bangalore dinner order,98584.50,food_delivery,dinner,False,False,True,False
TXN_AARAV_20251225_0777,2025-12-25,2025-12-25T08:31:36+05:30,e69326fa-f75f-53d1-915f-cd743d715fa5,deposit,DEBIT,CARD,48.00,CARD/DE/BMRCL METRO/Bangalore fare,98536.50,commute,metro,False,False,False,False
TXN_AARAV_20251225_0778,2025-12-25,2025-12-25T13:44:06+05:30,e69326fa-f75f-53d1-915f-cd743d715fa5,deposit,DEBIT,UPI,373.00,UPI/DE/OFFICE CANTEEN/Bangalore lunch,98163.50,food_delivery,lunch,False,False,True,False
TXN_AARAV_20251226_0779,2025-12-26,2025-12-26T12:32:01+05:30,e69326fa-f75f-53d1-915f-cd743d715fa5,deposit,DEBIT,UPI,191.00,UPI/DE/BLUE TOKAI/Bangalore coffee,97972.50,coffee,morning_coffee,False,False,True,False
TXN_AARAV_20251227_0780,2025-12-27,2025-12-27T11:24:56+05:30,e69326fa-f75f-53d1-915f-cd743d715fa5,deposit,DEBIT,UPI,2005.50,UPI/DE/BIGBASKET/Bangalore grocery,95967.00,groceries,weekly_grocery,False,False,False,True
TXN_AARAV_20251228_0781,2025-12-28,2025-12-28T10:01:57+05:30,e69326fa-f75f-53d1-915f-cd743d715fa5,deposit,CREDIT,FT,165000.00,FT/CR/ACME TECH SALARY/DEC25,260967.00,salary,monthly_salary,True,False,False,True
TXN_AARAV_20251228_0782,2025-12-28,2025-12-28T14:33:03+05:30,e69326fa-f75f-53d1-915f-cd743d715fa5,deposit,DEBIT,UPI,316.00,UPI/DE/SWIGGY/Bangalore lunch order,260651.00,food_delivery,lunch,False,False,True,False
TXN_AARAV_20251228_0783,2025-12-28,2025-12-28T18:25:33+05:30,e69326fa-f75f-53d1-915f-cd743d715fa5,deposit,DEBIT,UPI,316.00,UPI/DE/CAFE COFFEE DAY/Indiranagar coffee,260335.00,coffee,weekend_coffee,False,False,True,False
TXN_AARAV_20251228_0784,2025-12-28,2025-12-28T19:41:45+05:30,e69326fa-f75f-53d1-915f-cd743d715fa5,deposit,DEBIT,UPI,691.60,UPI/DE/ZEPTO/Bangalore grocery,259643.40,groceries,grocery_topup,False,False,False,True
TXN_AARAV_20251228_0785,2025-12-28,2025-12-28T20:34:25+05:30,e69326fa-f75f-53d1-915f-cd743d715fa5,deposit,DEBIT,CARD,3187.60,CARD/DE/TOIT/Bangalore dining,256455.80,eating_out,weekend_dining,False,False,True,False
TXN_AARAV_20251229_0786,2025-12-29,2025-12-29T10:45:06+05:30,e69326fa-f75f-53d1-915f-cd743d715fa5,deposit,DEBIT,UPI,238.00,UPI/DE/RAPIDO/Bangalore trip,256217.80,commute,cab_to_work,False,False,True,False
TXN_AARAV_20251229_0787,2025-12-29,2025-12-29T13:51:44+05:30,e69326fa-f75f-53d1-915f-cd743d715fa5,deposit,DEBIT,UPI,414.00,UPI/DE/OFFICE CANTEEN/Bangalore lunch,255803.80,food_delivery,lunch,False,False,True,False
TXN_AARAV_20251229_0788,2025-12-29,2025-12-29T19:05:47+05:30,e69326fa-f75f-53d1-915f-cd743d715fa5,deposit,DEBIT,UPI,417.00,UPI/DE/SWIGGY/Bangalore dinner order,255386.80,food_delivery,dinner,False,False,True,False
TXN_AARAV_20251229_0789,2025-12-29,2025-12-29T20:15:21+05:30,e69326fa-f75f-53d1-915f-cd743d715fa5,deposit,DEBIT,FT,10000.00,FT/DE/INTERNAL/GOAL SAVINGS/EMERGENCY FUND,245386.80,goal_allocation,emergency_fund,False,False,False,True
TXN_AARAV_20251229_0790,2025-12-29,2025-12-29T21:14:12+05:30,e69326fa-f75f-53d1-915f-cd743d715fa5,deposit,DEBIT,FT,8000.00,FT/DE/INTERNAL/GOAL SAVINGS/BALI VACATION,237386.80,goal_allocation,vacation_bali,False,False,False,True
TXN_AARAV_20251229_0791,2025-12-29,2025-12-29T23:40:54+05:30,e69326fa-f75f-53d1-915f-cd743d715fa5,deposit,DEBIT,UPI,400.00,UPI/DE/ZOMATO/late night food,236986.80,food_delivery,late_night_food,False,False,True,False
TXN_AARAV_20251230_0792,2025-12-30,2025-12-30T08:58:15+05:30,e69326fa-f75f-53d1-915f-cd743d715fa5,deposit,DEBIT,UPI,265.00,UPI/DE/RAPIDO/Bangalore trip,236721.80,commute,cab_to_work,False,False,True,False
TXN_AARAV_20251230_0793,2025-12-30,2025-12-30T11:26:52+05:30,e69326fa-f75f-53d1-915f-cd743d715fa5,deposit,DEBIT,UPI,169.00,UPI/DE/THIRD WAVE COFFEE/Bangalore coffee,236552.80,coffee,morning_coffee,False,False,True,False
TXN_AARAV_20251230_0794,2025-12-30,2025-12-30T14:12:14+05:30,e69326fa-f75f-53d1-915f-cd743d715fa5,deposit,DEBIT,ATM,5000.00,ATM/DE/HDFC ATM BANGALORE/CASH WITHDRAWAL,231552.80,cash_withdrawal,atm,False,False,False,False
TXN_AARAV_20251230_0795,2025-12-30,2025-12-30T19:12:14+05:30,e69326fa-f75f-53d1-915f-cd743d715fa5,deposit,DEBIT,FT,6000.00,FT/DE/INTERNAL/GOAL SAVINGS/NEW LAPTOP,225552.80,goal_allocation,laptop,False,False,False,True
TXN_AARAV_20251230_0796,2025-12-30,2025-12-30T21:02:51+05:30,e69326fa-f75f-53d1-915f-cd743d715fa5,deposit,DEBIT,UPI,448.00,UPI/DE/SWIGGY/Bangalore dinner order,225104.80,food_delivery,dinner,False,False,True,False
TXN_AARAV_20251230_0797,2025-12-30,2025-12-30T21:34:08+05:30,e69326fa-f75f-53d1-915f-cd743d715fa5,deposit,DEBIT,UPI,215.00,UPI/DE/RAPIDO/Bangalore trip,224889.80,commute,cab_from_work,False,False,True,False
TXN_AARAV_20251231_0798,2025-12-31,2025-12-31T10:17:05+05:30,e69326fa-f75f-53d1-915f-cd743d715fa5,deposit,DEBIT,UPI,250.00,UPI/DE/BLUE TOKAI/Bangalore coffee,224639.80,coffee,morning_coffee,False,False,True,False
TXN_AARAV_20251231_0799,2025-12-31,2025-12-31T10:53:29+05:30,e69326fa-f75f-53d1-915f-cd743d715fa5,deposit,DEBIT,UPI,196.00,UPI/DE/OLA/Bangalore trip,224443.80,commute,cab_to_work,False,False,True,False
TXN_AARAV_20251231_0800,2025-12-31,2025-12-31T14:46:20+05:30,e69326fa-f75f-53d1-915f-cd743d715fa5,deposit,DEBIT,UPI,265.00,UPI/DE/SWIGGY/Bangalore lunch,224178.80,food_delivery,lunch,False,False,True,False
TXN_AARAV_20251231_0801,2025-12-31,2025-12-31T19:22:37+05:30,e69326fa-f75f-53d1-915f-cd743d715fa5,deposit,DEBIT,UPI,225.00,UPI/DE/OLA/Bangalore trip,223953.80,commute,cab_from_work,False,False,True,False
TXN_AARAV_20260101_0802,2026-01-01,2026-01-01T10:12:03+05:30,e69326fa-f75f-53d1-915f-cd743d715fa5,deposit,DEBIT,UPI,246.00,UPI/DE/RAPIDO/Bangalore trip,223707.80,commute,cab_to_work,False,False,True,False
TXN_AARAV_20260101_0803,2026-01-01,2026-01-01T11:34:58+05:30,e69326fa-f75f-53d1-915f-cd743d715fa5,deposit,DEBIT,UPI,260.00,UPI/DE/BLUE TOKAI/Bangalore coffee,223447.80,coffee,morning_coffee,False,False,True,False
TXN_AARAV_20260101_0804,2026-01-01,2026-01-01T13:07:54+05:30,e69326fa-f75f-53d1-915f-cd743d715fa5,deposit,DEBIT,UPI,242.00,UPI/DE/ZOMATO/Bangalore lunch,223205.80,food_delivery,lunch,False,False,True,False
TXN_AARAV_20260101_0805,2026-01-01,2026-01-01T18:52:33+05:30,e69326fa-f75f-53d1-915f-cd743d715fa5,deposit,DEBIT,UPI,286.00,UPI/DE/RAPIDO/Bangalore trip,222919.80,commute,cab_from_work,False,False,True,False
TXN_AARAV_20260101_0806,2026-01-01,2026-01-01T22:04:28+05:30,e69326fa-f75f-53d1-915f-cd743d715fa5,deposit,DEBIT,UPI,643.00,UPI/DE/SWIGGY/Bangalore dinner order,222276.80,food_delivery,dinner,False,False,True,False
TXN_AARAV_20260102_0807,2026-01-02,2026-01-02T08:22:02+05:30,e69326fa-f75f-53d1-915f-cd743d715fa5,deposit,DEBIT,CARD,45.00,CARD/DE/BMRCL METRO/Bangalore fare,222231.80,commute,metro,False,False,False,False
TXN_AARAV_20260102_0808,2026-01-02,2026-01-02T11:29:32+05:30,e69326fa-f75f-53d1-915f-cd743d715fa5,deposit,DEBIT,UPI,138.00,UPI/DE/STARBUCKS/Bangalore coffee,222093.80,coffee,morning_coffee,False,False,True,False
TXN_AARAV_20260102_0809,2026-01-02,2026-01-02T22:41:26+05:30,e69326fa-f75f-53d1-915f-cd743d715fa5,deposit,DEBIT,CARD,2304.90,CARD/DE/ARBOR BREWING/Bangalore dining,219788.90,eating_out,friday_social,False,False,True,False
TXN_AARAV_20260103_0810,2026-01-03,2026-01-03T10:07:22+05:30,e69326fa-f75f-53d1-915f-cd743d715fa5,deposit,DEBIT,UPI,2797.60,UPI/DE/ZEPTO/Bangalore grocery,216991.30,groceries,weekly_grocery,False,False,False,True
TXN_AARAV_20260103_0811,2026-01-03,2026-01-03T18:04:05+05:30,e69326fa-f75f-53d1-915f-cd743d715fa5,deposit,DEBIT,UPI,423.00,UPI/DE/BLUE TOKAI/Indiranagar coffee,216568.30,coffee,weekend_coffee,False,False,True,False
TXN_AARAV_20260103_0812,2026-01-03,2026-01-03T21:12:20+05:30,e69326fa-f75f-53d1-915f-cd743d715fa5,deposit,DEBIT,CARD,1580.80,CARD/DE/EMPIRE RESTAURANT/Bangalore dining,214987.50,eating_out,weekend_dining,False,False,True,False
TXN_AARAV_20260104_0813,2026-01-04,2026-01-04T13:29:31+05:30,e69326fa-f75f-53d1-915f-cd743d715fa5,deposit,DEBIT,UPI,550.00,UPI/DE/SWIGGY/Bangalore lunch order,214437.50,food_delivery,lunch,False,False,True,False
TXN_AARAV_20260104_0814,2026-01-04,2026-01-04T17:41:21+05:30,e69326fa-f75f-53d1-915f-cd743d715fa5,deposit,DEBIT,UPI,1132.30,UPI/DE/BIGBASKET/Bangalore grocery,213305.20,groceries,grocery_topup,False,False,False,True
TXN_AARAV_20260104_0815,2026-01-04,2026-01-04T21:10:14+05:30,e69326fa-f75f-53d1-915f-cd743d715fa5,deposit,DEBIT,CARD,1314.30,CARD/DE/TRUFFLES/Bangalore dining,211990.90,eating_out,weekend_dining,False,False,True,False
TXN_AARAV_20260105_0816,2026-01-05,2026-01-05T08:06:04+05:30,e69326fa-f75f-53d1-915f-cd743d715fa5,deposit,DEBIT,CARD,38.00,CARD/DE/BMRCL METRO/Bangalore fare,211952.90,commute,metro,False,False,False,False
TXN_AARAV_20260105_0817,2026-01-05,2026-01-05T11:00:46+05:30,e69326fa-f75f-53d1-915f-cd743d715fa5,deposit,DEBIT,UPI,42000.00,UPI/DE/RENT TO LANDLORD/JAN26,169952.90,rent,monthly_rent,False,True,False,True
TXN_AARAV_20260105_0818,2026-01-05,2026-01-05T11:43:54+05:30,e69326fa-f75f-53d1-915f-cd743d715fa5,deposit,DEBIT,UPI,138.00,UPI/DE/THIRD WAVE COFFEE/Bangalore coffee,169814.90,coffee,morning_coffee,False,False,True,False
TXN_AARAV_20260106_0819,2026-01-06,2026-01-06T08:17:54+05:30,e69326fa-f75f-53d1-915f-cd743d715fa5,deposit,DEBIT,CARD,74.00,CARD/DE/BMRCL METRO/Bangalore fare,169740.90,commute,metro,False,False,False,False
TXN_AARAV_20260106_0820,2026-01-06,2026-01-06T11:38:47+05:30,e69326fa-f75f-53d1-915f-cd743d715fa5,deposit,DEBIT,FT,10000.00,NACH/DE/SIP MUTUAL FUND/HDFC BLUECHIP FUND/JAN26,159740.90,sip,mutual_fund_sip,False,True,False,True
TXN_AARAV_20260106_0821,2026-01-06,2026-01-06T12:34:24+05:30,e69326fa-f75f-53d1-915f-cd743d715fa5,deposit,DEBIT,UPI,124.00,UPI/DE/BLUE TOKAI/Bangalore coffee,159616.90,coffee,morning_coffee,False,False,True,False
TXN_AARAV_20260106_0822,2026-01-06,2026-01-06T13:03:13+05:30,e69326fa-f75f-53d1-915f-cd743d715fa5,deposit,DEBIT,UPI,353.00,UPI/DE/OFFICE CANTEEN/Bangalore lunch,159263.90,food_delivery,lunch,False,False,True,False
TXN_AARAV_20260107_0823,2026-01-07,2026-01-07T09:23:51+05:30,e69326fa-f75f-53d1-915f-cd743d715fa5,deposit,DEBIT,UPI,255.00,UPI/DE/RAPIDO/Bangalore trip,159008.90,commute,cab_to_work,False,False,True,False
TXN_AARAV_20260107_0824,2026-01-07,2026-01-07T19:18:28+05:30,e69326fa-f75f-53d1-915f-cd743d715fa5,deposit,DEBIT,UPI,618.00,UPI/DE/SWIGGY/Bangalore dinner order,158390.90,food_delivery,dinner,False,False,True,False
TXN_AARAV_20260107_0825,2026-01-07,2026-01-07T19:44:33+05:30,e69326fa-f75f-53d1-915f-cd743d715fa5,deposit,DEBIT,UPI,392.00,UPI/DE/RAPIDO/Bangalore trip,157998.90,commute,cab_from_work,False,False,True,False
TXN_AARAV_20260108_0826,2026-01-08,2026-01-08T11:01:57+05:30,e69326fa-f75f-53d1-915f-cd743d715fa5,deposit,DEBIT,UPI,254.00,UPI/DE/THIRD WAVE COFFEE/Bangalore coffee,157744.90,coffee,morning_coffee,False,False,True,False
TXN_AARAV_20260108_0827,2026-01-08,2026-01-08T14:23:01+05:30,e69326fa-f75f-53d1-915f-cd743d715fa5,deposit,DEBIT,UPI,405.00,UPI/DE/SWIGGY/Bangalore lunch,157339.90,food_delivery,lunch,False,False,True,False
TXN_AARAV_20260108_0828,2026-01-08,2026-01-08T21:04:34+05:30,e69326fa-f75f-53d1-915f-cd743d715fa5,deposit,DEBIT,UPI,505.00,UPI/DE/ZOMATO/Bangalore dinner order,156834.90,food_delivery,dinner,False,False,True,False
TXN_AARAV_20260109_0829,2026-01-09,2026-01-09T22:27:38+05:30,e69326fa-f75f-53d1-915f-cd743d715fa5,deposit,DEBIT,UPI,371.00,UPI/DE/SWIGGY/Bangalore dinner order,156463.90,food_delivery,dinner,False,False,True,False
TXN_AARAV_20260110_0830,2026-01-10,2026-01-10T12:48:24+05:30,e69326fa-f75f-53d1-915f-cd743d715fa5,deposit,DEBIT,FT,5000.00,NACH/DE/SIP MUTUAL FUND/AXIS MIDCAP FUND/JAN26,151463.90,sip,mutual_fund_sip,False,True,False,True
TXN_AARAV_20260110_0831,2026-01-10,2026-01-10T19:51:26+05:30,e69326fa-f75f-53d1-915f-cd743d715fa5,deposit,DEBIT,ATM,2000.00,ATM/DE/HDFC ATM BANGALORE/CASH WITHDRAWAL,149463.90,cash_withdrawal,atm,False,False,False,False
TXN_AARAV_20260110_0832,2026-01-10,2026-01-10T20:27:57+05:30,e69326fa-f75f-53d1-915f-cd743d715fa5,deposit,DEBIT,CARD,2119.50,CARD/DE/MTR/Bangalore dining,147344.40,eating_out,weekend_dining,False,False,True,False
TXN_AARAV_20260111_0833,2026-01-11,2026-01-11T12:13:37+05:30,e69326fa-f75f-53d1-915f-cd743d715fa5,deposit,DEBIT,UPI,490.00,UPI/DE/ZOMATO/Bangalore lunch order,146854.40,food_delivery,lunch,False,False,True,False
TXN_AARAV_20260111_0834,2026-01-11,2026-01-11T15:08:52+05:30,e69326fa-f75f-53d1-915f-cd743d715fa5,deposit,DEBIT,UPI,343.00,UPI/DE/THIRD WAVE COFFEE/Indiranagar coffee,146511.40,coffee,weekend_coffee,False,False,True,False
TXN_AARAV_20260111_0835,2026-01-11,2026-01-11T19:16:48+05:30,e69326fa-f75f-53d1-915f-cd743d715fa5,deposit,DEBIT,UPI,671.00,UPI/DE/DMART/Bangalore grocery,145840.40,groceries,grocery_topup,False,False,False,True
TXN_AARAV_20260111_0836,2026-01-11,2026-01-11T20:44:18+05:30,e69326fa-f75f-53d1-915f-cd743d715fa5,deposit,DEBIT,CARD,865.00,CARD/DE/MTR/Bangalore dining,144975.40,eating_out,weekend_dining,False,False,True,False
TXN_AARAV_20260112_0837,2026-01-12,2026-01-12T03:45:38+05:30,e69326fa-f75f-53d1-915f-cd743d715fa5,deposit,DEBIT,CARD,649.00,CARD/DE/RECURRING/NETFLIX/SUBSCRIPTION,144326.40,subscription,netflix,False,True,False,True
TXN_AARAV_20260112_0838,2026-01-12,2026-01-12T09:04:22+05:30,e69326fa-f75f-53d1-915f-cd743d715fa5,deposit,DEBIT,UPI,251.00,UPI/DE/RAPIDO/Bangalore trip,144075.40,commute,cab_to_work,False,False,True,False
TXN_AARAV_20260112_0839,2026-01-12,2026-01-12T13:53:14+05:30,e69326fa-f75f-53d1-915f-cd743d715fa5,deposit,DEBIT,UPI,1259.00,UPI/DE/BESCOM/ELECTRICITY BILL/JAN26,142816.40,utility,electricity,False,True,False,True
TXN_AARAV_20260112_0840,2026-01-12,2026-01-12T14:18:08+05:30,e69326fa-f75f-53d1-915f-cd743d715fa5,deposit,DEBIT,UPI,212.00,UPI/DE/ZOMATO/Bangalore lunch,142604.40,food_delivery,lunch,False,False,True,False
TXN_AARAV_20260112_0841,2026-01-12,2026-01-12T19:41:02+05:30,e69326fa-f75f-53d1-915f-cd743d715fa5,deposit,DEBIT,UPI,309.00,UPI/DE/RAPIDO/Bangalore trip,142295.40,commute,cab_from_work,False,False,True,False
TXN_AARAV_20260113_0842,2026-01-13,2026-01-13T10:02:07+05:30,e69326fa-f75f-53d1-915f-cd743d715fa5,deposit,DEBIT,UPI,322.00,UPI/DE/RAPIDO/Bangalore trip,141973.40,commute,cab_to_work,False,False,True,False
TXN_AARAV_20260113_0843,2026-01-13,2026-01-13T10:04:24+05:30,e69326fa-f75f-53d1-915f-cd743d715fa5,deposit,DEBIT,UPI,153.00,UPI/DE/THIRD WAVE COFFEE/Bangalore coffee,141820.40,coffee,morning_coffee,False,False,True,False
TXN_AARAV_20260113_0844,2026-01-13,2026-01-13T13:15:45+05:30,e69326fa-f75f-53d1-915f-cd743d715fa5,deposit,DEBIT,UPI,404.00,UPI/DE/ZOMATO/Bangalore lunch,141416.40,food_delivery,lunch,False,False,True,False
TXN_AARAV_20260113_0845,2026-01-13,2026-01-13T19:58:39+05:30,e69326fa-f75f-53d1-915f-cd743d715fa5,deposit,DEBIT,UPI,460.00,UPI/DE/SWIGGY/Bangalore dinner order,140956.40,food_delivery,dinner,False,False,True,False
TXN_AARAV_20260113_0846,2026-01-13,2026-01-13T20:54:37+05:30,e69326fa-f75f-53d1-915f-cd743d715fa5,deposit,DEBIT,UPI,381.00,UPI/DE/RAPIDO/Bangalore trip,140575.40,commute,cab_from_work,False,False,True,False
TXN_AARAV_20260114_0847,2026-01-14,2026-01-14T01:49:56+05:30,e69326fa-f75f-53d1-915f-cd743d715fa5,deposit,DEBIT,CARD,119.00,CARD/DE/RECURRING/SPOTIFY/SUBSCRIPTION,140456.40,subscription,spotify,False,True,False,True
TXN_AARAV_20260114_0848,2026-01-14,2026-01-14T04:37:49+05:30,e69326fa-f75f-53d1-915f-cd743d715fa5,deposit,DEBIT,CARD,75.00,CARD/DE/RECURRING/ICLOUD/SUBSCRIPTION,140381.40,subscription,icloud,False,True,False,True
TXN_AARAV_20260114_0849,2026-01-14,2026-01-14T08:25:53+05:30,e69326fa-f75f-53d1-915f-cd743d715fa5,deposit,DEBIT,CARD,38.00,CARD/DE/BMRCL METRO/Bangalore fare,140343.40,commute,metro,False,False,False,False
TXN_AARAV_20260114_0850,2026-01-14,2026-01-14T12:32:31+05:30,e69326fa-f75f-53d1-915f-cd743d715fa5,deposit,DEBIT,UPI,278.00,UPI/DE/STARBUCKS/Bangalore coffee,140065.40,coffee,morning_coffee,False,False,True,False
TXN_AARAV_20260114_0851,2026-01-14,2026-01-14T12:38:27+05:30,e69326fa-f75f-53d1-915f-cd743d715fa5,deposit,DEBIT,UPI,223.00,UPI/DE/OFFICE CANTEEN/Bangalore lunch,139842.40,food_delivery,lunch,False,False,True,False
TXN_AARAV_20260115_0852,2026-01-15,2026-01-15T09:10:10+05:30,e69326fa-f75f-53d1-915f-cd743d715fa5,deposit,DEBIT,UPI,227.00,UPI/DE/UBER/Bangalore trip,139615.40,commute,cab_to_work,False,False,True,False
TXN_AARAV_20260115_0853,2026-01-15,2026-01-15T12:31:20+05:30,e69326fa-f75f-53d1-915f-cd743d715fa5,deposit,DEBIT,UPI,169.00,UPI/DE/THIRD WAVE COFFEE/Bangalore coffee,139446.40,coffee,morning_coffee,False,False,True,False
TXN_AARAV_20260115_0854,2026-01-15,2026-01-15T13:36:52+05:30,e69326fa-f75f-53d1-915f-cd743d715fa5,deposit,DEBIT,UPI,222.00,UPI/DE/ZOMATO/Bangalore lunch,139224.40,food_delivery,lunch,False,False,True,False
TXN_AARAV_20260115_0855,2026-01-15,2026-01-15T15:47:44+05:30,e69326fa-f75f-53d1-915f-cd743d715fa5,deposit,DEBIT,FT,999.00,FT/DE/ACT FIBERNET/BROADBAND BILL/JAN26,138225.40,utility,broadband,False,True,False,True
TXN_AARAV_20260115_0856,2026-01-15,2026-01-15T19:10:03+05:30,e69326fa-f75f-53d1-915f-cd743d715fa5,deposit,DEBIT,UPI,382.00,UPI/DE/UBER/Bangalore trip,137843.40,commute,cab_from_work,False,False,True,False
TXN_AARAV_20260116_0857,2026-01-16,2026-01-16T09:02:01+05:30,e69326fa-f75f-53d1-915f-cd743d715fa5,deposit,DEBIT,CARD,62.00,CARD/DE/BMRCL METRO/Bangalore fare,137781.40,commute,metro,False,False,False,False
TXN_AARAV_20260116_0858,2026-01-16,2026-01-16T11:13:11+05:30,e69326fa-f75f-53d1-915f-cd743d715fa5,deposit,DEBIT,UPI,280.00,UPI/DE/THIRD WAVE COFFEE/Bangalore coffee,137501.40,coffee,morning_coffee,False,False,True,False
TXN_AARAV_20260116_0859,2026-01-16,2026-01-16T12:15:52+05:30,e69326fa-f75f-53d1-915f-cd743d715fa5,deposit,DEBIT,UPI,213.00,UPI/DE/SWIGGY/Bangalore lunch,137288.40,food_delivery,lunch,False,False,True,False
TXN_AARAV_20260116_0860,2026-01-16,2026-01-16T20:00:30+05:30,e69326fa-f75f-53d1-915f-cd743d715fa5,deposit,DEBIT,CARD,2119.00,CARD/DE/ARBOR BREWING/Bangalore dining,135169.40,eating_out,friday_social,False,False,True,False
TXN_AARAV_20260116_0861,2026-01-16,2026-01-16T22:52:56+05:30,e69326fa-f75f-53d1-915f-cd743d715fa5,deposit,DEBIT,UPI,487.00,UPI/DE/SWIGGY/Bangalore dinner order,134682.40,food_delivery,dinner,False,False,True,False
TXN_AARAV_20260117_0862,2026-01-17,2026-01-17T11:34:21+05:30,e69326fa-f75f-53d1-915f-cd743d715fa5,deposit,DEBIT,UPI,4995.00,UPI/DE/ZEPTO/Bangalore grocery,129687.40,groceries,weekly_grocery,False,False,False,True
TXN_AARAV_20260117_0863,2026-01-17,2026-01-17T19:35:59+05:30,e69326fa-f75f-53d1-915f-cd743d715fa5,deposit,DEBIT,CARD,2190.00,CARD/DE/TOIT/Bangalore dining,127497.40,eating_out,weekend_dining,False,False,True,False
TXN_AARAV_20260118_0864,2026-01-18,2026-01-18T14:16:18+05:30,e69326fa-f75f-53d1-915f-cd743d715fa5,deposit,DEBIT,UPI,301.00,UPI/DE/SWIGGY/Bangalore lunch order,127196.40,food_delivery,lunch,False,False,True,False
TXN_AARAV_20260118_0865,2026-01-18,2026-01-18T15:19:32+05:30,e69326fa-f75f-53d1-915f-cd743d715fa5,deposit,DEBIT,UPI,599.00,UPI/DE/JIO/MOBILE BILL/JAN26,126597.40,utility,mobile,False,True,False,True
TXN_AARAV_20260118_0866,2026-01-18,2026-01-18T16:42:00+05:30,e69326fa-f75f-53d1-915f-cd743d715fa5,deposit,DEBIT,UPI,386.00,UPI/DE/THIRD WAVE COFFEE/Indiranagar coffee,126211.40,coffee,weekend_coffee,False,False,True,False
TXN_AARAV_20260118_0867,2026-01-18,2026-01-18T18:18:32+05:30,e69326fa-f75f-53d1-915f-cd743d715fa5,deposit,DEBIT,UPI,443.00,UPI/DE/BIGBASKET/Bangalore grocery,125768.40,groceries,grocery_topup,False,False,False,True
TXN_AARAV_20260118_0868,2026-01-18,2026-01-18T20:33:30+05:30,e69326fa-f75f-53d1-915f-cd743d715fa5,deposit,DEBIT,CARD,1696.00,CARD/DE/MEGHANA FOODS/Bangalore dining,124072.40,eating_out,weekend_dining,False,False,True,False
TXN_AARAV_20260119_0869,2026-01-19,2026-01-19T09:26:54+05:30,e69326fa-f75f-53d1-915f-cd743d715fa5,deposit,DEBIT,UPI,179.00,UPI/DE/OLA/Bangalore trip,123893.40,commute,cab_to_work,False,False,True,False
TXN_AARAV_20260119_0870,2026-01-19,2026-01-19T12:28:09+05:30,e69326fa-f75f-53d1-915f-cd743d715fa5,deposit,DEBIT,UPI,126.00,UPI/DE/BLUE TOKAI/Bangalore coffee,123767.40,coffee,morning_coffee,False,False,True,False
TXN_AARAV_20260119_0871,2026-01-19,2026-01-19T21:44:27+05:30,e69326fa-f75f-53d1-915f-cd743d715fa5,deposit,DEBIT,UPI,323.00,UPI/DE/OLA/Bangalore trip,123444.40,commute,cab_from_work,False,False,True,False
TXN_AARAV_20260119_0872,2026-01-19,2026-01-19T23:21:51+05:30,e69326fa-f75f-53d1-915f-cd743d715fa5,deposit,DEBIT,UPI,253.00,UPI/DE/ZOMATO/late night food,123191.40,food_delivery,late_night_food,False,False,True,False
TXN_AARAV_20260120_0873,2026-01-20,2026-01-20T00:44:49+05:30,e69326fa-f75f-53d1-915f-cd743d715fa5,deposit,DEBIT,CARD,179.00,CARD/DE/RECURRING/AMAZON PRIME/SUBSCRIPTION,123012.40,subscription,amazon_prime,False,True,False,True
TXN_AARAV_20260120_0874,2026-01-20,2026-01-20T09:13:36+05:30,e69326fa-f75f-53d1-915f-cd743d715fa5,deposit,DEBIT,UPI,188.00,UPI/DE/UBER/Bangalore trip,122824.40,commute,cab_to_work,False,False,True,False
TXN_AARAV_20260120_0875,2026-01-20,2026-01-20T12:07:33+05:30,e69326fa-f75f-53d1-915f-cd743d715fa5,deposit,DEBIT,UPI,223.00,UPI/DE/ZOMATO/Bangalore lunch,122601.40,food_delivery,lunch,False,False,True,False
TXN_AARAV_20260120_0876,2026-01-20,2026-01-20T12:25:45+05:30,e69326fa-f75f-53d1-915f-cd743d715fa5,deposit,DEBIT,UPI,247.00,UPI/DE/CAFE COFFEE DAY/Bangalore coffee,122354.40,coffee,morning_coffee,False,False,True,False
TXN_AARAV_20260121_0877,2026-01-21,2026-01-21T08:50:08+05:30,e69326fa-f75f-53d1-915f-cd743d715fa5,deposit,DEBIT,CARD,38.00,CARD/DE/BMRCL METRO/Bangalore fare,122316.40,commute,metro,False,False,False,False
TXN_AARAV_20260121_0878,2026-01-21,2026-01-21T12:32:43+05:30,e69326fa-f75f-53d1-915f-cd743d715fa5,deposit,DEBIT,UPI,167.00,UPI/DE/THIRD WAVE COFFEE/Bangalore coffee,122149.40,coffee,morning_coffee,False,False,True,False
TXN_AARAV_20260121_0879,2026-01-21,2026-01-21T12:37:27+05:30,e69326fa-f75f-53d1-915f-cd743d715fa5,deposit,DEBIT,UPI,266.00,UPI/DE/OFFICE CANTEEN/Bangalore lunch,121883.40,food_delivery,lunch,False,False,True,False
TXN_AARAV_20260122_0880,2026-01-22,2026-01-22T08:31:54+05:30,e69326fa-f75f-53d1-915f-cd743d715fa5,deposit,DEBIT,UPI,176.00,UPI/DE/OLA/Bangalore trip,121707.40,commute,cab_to_work,False,False,True,False
TXN_AARAV_20260122_0881,2026-01-22,2026-01-22T12:37:38+05:30,e69326fa-f75f-53d1-915f-cd743d715fa5,deposit,DEBIT,UPI,206.00,UPI/DE/CAFE COFFEE DAY/Bangalore coffee,121501.40,coffee,morning_coffee,False,False,True,False
TXN_AARAV_20260122_0882,2026-01-22,2026-01-22T19:05:33+05:30,e69326fa-f75f-53d1-915f-cd743d715fa5,deposit,DEBIT,UPI,354.00,UPI/DE/OLA/Bangalore trip,121147.40,commute,cab_from_work,False,False,True,False
TXN_AARAV_20260123_0883,2026-01-23,2026-01-23T09:50:49+05:30,e69326fa-f75f-53d1-915f-cd743d715fa5,deposit,DEBIT,CARD,56.00,CARD/DE/BMRCL METRO/Bangalore fare,121091.40,commute,metro,False,False,False,False
TXN_AARAV_20260123_0884,2026-01-23,2026-01-23T10:05:54+05:30,e69326fa-f75f-53d1-915f-cd743d715fa5,deposit,DEBIT,UPI,180.00,UPI/DE/STARBUCKS/Bangalore coffee,120911.40,coffee,morning_coffee,False,False,True,False
TXN_AARAV_20260123_0885,2026-01-23,2026-01-23T19:00:33+05:30,e69326fa-f75f-53d1-915f-cd743d715fa5,deposit,DEBIT,UPI,540.00,UPI/DE/ZOMATO/Bangalore dinner order,120371.40,food_delivery,dinner,False,False,True,False
TXN_AARAV_20260124_0886,2026-01-24,2026-01-24T13:31:25+05:30,e69326fa-f75f-53d1-915f-cd743d715fa5,deposit,DEBIT,UPI,1682.10,UPI/DE/BLINKIT/Bangalore grocery,118689.30,groceries,weekly_grocery,False,False,False,True
TXN_AARAV_20260124_0887,2026-01-24,2026-01-24T15:55:17+05:30,e69326fa-f75f-53d1-915f-cd743d715fa5,deposit,DEBIT,UPI,410.00,UPI/DE/CAFE COFFEE DAY/Indiranagar coffee,118279.30,coffee,weekend_coffee,False,False,True,False
TXN_AARAV_20260125_0888,2026-01-25,2026-01-25T18:23:39+05:30,e69326fa-f75f-53d1-915f-cd743d715fa5,deposit,DEBIT,UPI,212.00,UPI/DE/CAFE COFFEE DAY/Indiranagar coffee,118067.30,coffee,weekend_coffee,False,False,True,False
TXN_AARAV_20260125_0889,2026-01-25,2026-01-25T20:43:21+05:30,e69326fa-f75f-53d1-915f-cd743d715fa5,deposit,DEBIT,UPI,703.50,UPI/DE/MORE SUPERMARKET/Bangalore grocery,117363.80,groceries,grocery_topup,False,False,False,True
TXN_AARAV_20260125_0890,2026-01-25,2026-01-25T22:25:46+05:30,e69326fa-f75f-53d1-915f-cd743d715fa5,deposit,DEBIT,CARD,809.20,CARD/DE/TRUFFLES/Bangalore dining,116554.60,eating_out,weekend_dining,False,False,True,False
TXN_AARAV_20260126_0891,2026-01-26,2026-01-26T10:24:52+05:30,e69326fa-f75f-53d1-915f-cd743d715fa5,deposit,DEBIT,UPI,323.00,UPI/DE/UBER/Bangalore trip,116231.60,commute,cab_to_work,False,False,True,False
TXN_AARAV_20260126_0892,2026-01-26,2026-01-26T12:19:38+05:30,e69326fa-f75f-53d1-915f-cd743d715fa5,deposit,DEBIT,UPI,567.00,UPI/DE/FLIPKART/Bangalore household,115664.60,household,household_items,False,False,True,False
TXN_AARAV_20260126_0893,2026-01-26,2026-01-26T13:01:46+05:30,e69326fa-f75f-53d1-915f-cd743d715fa5,deposit,DEBIT,UPI,296.00,UPI/DE/OFFICE CANTEEN/Bangalore lunch,115368.60,food_delivery,lunch,False,False,True,False
TXN_AARAV_20260126_0894,2026-01-26,2026-01-26T21:49:23+05:30,e69326fa-f75f-53d1-915f-cd743d715fa5,deposit,DEBIT,UPI,191.00,UPI/DE/UBER/Bangalore trip,115177.60,commute,cab_from_work,False,False,True,False
TXN_AARAV_20260127_0895,2026-01-27,2026-01-27T09:36:15+05:30,e69326fa-f75f-53d1-915f-cd743d715fa5,deposit,DEBIT,CARD,36.00,CARD/DE/BMRCL METRO/Bangalore fare,115141.60,commute,metro,False,False,False,False
TXN_AARAV_20260127_0896,2026-01-27,2026-01-27T10:20:15+05:30,e69326fa-f75f-53d1-915f-cd743d715fa5,deposit,DEBIT,UPI,223.00,UPI/DE/STARBUCKS/Bangalore coffee,114918.60,coffee,morning_coffee,False,False,True,False
TXN_AARAV_20260128_0897,2026-01-28,2026-01-28T08:14:18+05:30,e69326fa-f75f-53d1-915f-cd743d715fa5,deposit,DEBIT,UPI,329.00,UPI/DE/OLA/Bangalore trip,114589.60,commute,cab_to_work,False,False,True,False
TXN_AARAV_20260128_0898,2026-01-28,2026-01-28T10:51:28+05:30,e69326fa-f75f-53d1-915f-cd743d715fa5,deposit,CREDIT,FT,165000.00,FT/CR/ACME TECH SALARY/JAN26,279589.60,salary,monthly_salary,True,False,False,True
TXN_AARAV_20260128_0899,2026-01-28,2026-01-28T11:24:00+05:30,e69326fa-f75f-53d1-915f-cd743d715fa5,deposit,DEBIT,UPI,272.00,UPI/DE/STARBUCKS/Bangalore coffee,279317.60,coffee,morning_coffee,False,False,True,False
TXN_AARAV_20260128_0900,2026-01-28,2026-01-28T18:26:02+05:30,e69326fa-f75f-53d1-915f-cd743d715fa5,deposit,DEBIT,UPI,789.00,UPI/DE/AMAZON/Bangalore household,278528.60,household,household_items,False,False,True,False
TXN_AARAV_20260128_0901,2026-01-28,2026-01-28T20:11:45+05:30,e69326fa-f75f-53d1-915f-cd743d715fa5,deposit,DEBIT,UPI,488.00,UPI/DE/SWIGGY/Bangalore dinner order,278040.60,food_delivery,dinner,False,False,True,False
TXN_AARAV_20260128_0902,2026-01-28,2026-01-28T20:35:36+05:30,e69326fa-f75f-53d1-915f-cd743d715fa5,deposit,DEBIT,UPI,220.00,UPI/DE/OLA/Bangalore trip,277820.60,commute,cab_from_work,False,False,True,False
TXN_AARAV_20260129_0903,2026-01-29,2026-01-29T09:17:22+05:30,e69326fa-f75f-53d1-915f-cd743d715fa5,deposit,DEBIT,CARD,64.00,CARD/DE/BMRCL METRO/Bangalore fare,277756.60,commute,metro,False,False,False,False
TXN_AARAV_20260129_0904,2026-01-29,2026-01-29T11:37:18+05:30,e69326fa-f75f-53d1-915f-cd743d715fa5,deposit,DEBIT,UPI,271.00,UPI/DE/THIRD WAVE COFFEE/Bangalore coffee,277485.60,coffee,morning_coffee,False,False,True,False
TXN_AARAV_20260129_0905,2026-01-29,2026-01-29T14:55:45+05:30,e69326fa-f75f-53d1-915f-cd743d715fa5,deposit,DEBIT,ATM,2000.00,ATM/DE/HDFC ATM BANGALORE/CASH WITHDRAWAL,275485.60,cash_withdrawal,atm,False,False,False,False
TXN_AARAV_20260129_0906,2026-01-29,2026-01-29T21:39:52+05:30,e69326fa-f75f-53d1-915f-cd743d715fa5,deposit,DEBIT,FT,10000.00,FT/DE/INTERNAL/GOAL SAVINGS/EMERGENCY FUND,265485.60,goal_allocation,emergency_fund,False,False,False,True
TXN_AARAV_20260129_0907,2026-01-29,2026-01-29T22:26:38+05:30,e69326fa-f75f-53d1-915f-cd743d715fa5,deposit,DEBIT,FT,8000.00,FT/DE/INTERNAL/GOAL SAVINGS/BALI VACATION,257485.60,goal_allocation,vacation_bali,False,False,False,True
TXN_AARAV_20260130_0908,2026-01-30,2026-01-30T10:08:01+05:30,e69326fa-f75f-53d1-915f-cd743d715fa5,deposit,DEBIT,UPI,273.00,UPI/DE/RAPIDO/Bangalore trip,257212.60,commute,cab_to_work,False,False,True,False
TXN_AARAV_20260130_0909,2026-01-30,2026-01-30T14:23:32+05:30,e69326fa-f75f-53d1-915f-cd743d715fa5,deposit,DEBIT,UPI,400.00,UPI/DE/OFFICE CANTEEN/Bangalore lunch,256812.60,food_delivery,lunch,False,False,True,False
TXN_AARAV_20260130_0910,2026-01-30,2026-01-30T20:34:58+05:30,e69326fa-f75f-53d1-915f-cd743d715fa5,deposit,DEBIT,FT,6000.00,FT/DE/INTERNAL/GOAL SAVINGS/NEW LAPTOP,250812.60,goal_allocation,laptop,False,False,False,True
TXN_AARAV_20260130_0911,2026-01-30,2026-01-30T21:28:30+05:30,e69326fa-f75f-53d1-915f-cd743d715fa5,deposit,DEBIT,UPI,184.00,UPI/DE/RAPIDO/Bangalore trip,250628.60,commute,cab_from_work,False,False,True,False
TXN_AARAV_20260130_0912,2026-01-30,2026-01-30T22:50:42+05:30,e69326fa-f75f-53d1-915f-cd743d715fa5,deposit,DEBIT,CARD,1939.60,CARD/DE/BIERE CLUB/Bangalore dining,248689.00,eating_out,friday_social,False,False,True,False
TXN_AARAV_20260131_0913,2026-01-31,2026-01-31T10:29:48+05:30,e69326fa-f75f-53d1-915f-cd743d715fa5,deposit,DEBIT,UPI,3118.70,UPI/DE/ZEPTO/Bangalore grocery,245570.30,groceries,weekly_grocery,False,False,False,True
TXN_AARAV_20260131_0914,2026-01-31,2026-01-31T19:16:35+05:30,e69326fa-f75f-53d1-915f-cd743d715fa5,deposit,DEBIT,CARD,2349.10,CARD/DE/MEGHANA FOODS/Bangalore dining,243221.20,eating_out,weekend_dining,False,False,True,False
TXN_AARAV_20260201_0915,2026-02-01,2026-02-01T13:44:32+05:30,e69326fa-f75f-53d1-915f-cd743d715fa5,deposit,DEBIT,UPI,623.00,UPI/DE/ZOMATO/Bangalore lunch order,242598.20,food_delivery,lunch,False,False,True,False
TXN_AARAV_20260201_0916,2026-02-01,2026-02-01T16:20:49+05:30,e69326fa-f75f-53d1-915f-cd743d715fa5,deposit,DEBIT,UPI,219.00,UPI/DE/STARBUCKS/Indiranagar coffee,242379.20,coffee,weekend_coffee,False,False,True,False
TXN_AARAV_20260201_0917,2026-02-01,2026-02-01T17:54:08+05:30,e69326fa-f75f-53d1-915f-cd743d715fa5,deposit,DEBIT,UPI,1050.40,UPI/DE/DMART/Bangalore grocery,241328.80,groceries,grocery_topup,False,False,False,True
TXN_AARAV_20260201_0918,2026-02-01,2026-02-01T20:13:05+05:30,e69326fa-f75f-53d1-915f-cd743d715fa5,deposit,DEBIT,CARD,1362.40,CARD/DE/MTR/Bangalore dining,239966.40,eating_out,weekend_dining,False,False,True,False
TXN_AARAV_20260202_0919,2026-02-02,2026-02-02T08:53:12+05:30,e69326fa-f75f-53d1-915f-cd743d715fa5,deposit,DEBIT,CARD,75.00,CARD/DE/BMRCL METRO/Bangalore fare,239891.40,commute,metro,False,False,False,False
TXN_AARAV_20260202_0920,2026-02-02,2026-02-02T11:27:56+05:30,e69326fa-f75f-53d1-915f-cd743d715fa5,deposit,DEBIT,UPI,155.00,UPI/DE/CAFE COFFEE DAY/Bangalore coffee,239736.40,coffee,morning_coffee,False,False,True,False
TXN_AARAV_20260202_0921,2026-02-02,2026-02-02T13:03:59+05:30,e69326fa-f75f-53d1-915f-cd743d715fa5,deposit,DEBIT,UPI,349.00,UPI/DE/ZOMATO/Bangalore lunch,239387.40,food_delivery,lunch,False,False,True,False
TXN_AARAV_20260202_0922,2026-02-02,2026-02-02T20:49:43+05:30,e69326fa-f75f-53d1-915f-cd743d715fa5,deposit,DEBIT,UPI,585.00,UPI/DE/ZOMATO/Bangalore dinner order,238802.40,food_delivery,dinner,False,False,True,False
TXN_AARAV_20260202_0923,2026-02-02,2026-02-02T22:03:47+05:30,e69326fa-f75f-53d1-915f-cd743d715fa5,deposit,DEBIT,UPI,345.00,UPI/DE/ZOMATO/late night food,238457.40,food_delivery,late_night_food,False,False,True,False
TXN_AARAV_20260203_0924,2026-02-03,2026-02-03T10:15:05+05:30,e69326fa-f75f-53d1-915f-cd743d715fa5,deposit,DEBIT,UPI,186.00,UPI/DE/OLA/Bangalore trip,238271.40,commute,cab_to_work,False,False,True,False
TXN_AARAV_20260203_0925,2026-02-03,2026-02-03T10:56:55+05:30,e69326fa-f75f-53d1-915f-cd743d715fa5,deposit,DEBIT,UPI,147.00,UPI/DE/THIRD WAVE COFFEE/Bangalore coffee,238124.40,coffee,morning_coffee,False,False,True,False
TXN_AARAV_20260203_0926,2026-02-03,2026-02-03T12:41:32+05:30,e69326fa-f75f-53d1-915f-cd743d715fa5,deposit,DEBIT,UPI,328.00,UPI/DE/SWIGGY/Bangalore lunch,237796.40,food_delivery,lunch,False,False,True,False
TXN_AARAV_20260203_0927,2026-02-03,2026-02-03T19:34:58+05:30,e69326fa-f75f-53d1-915f-cd743d715fa5,deposit,DEBIT,UPI,649.00,UPI/DE/ZOMATO/Bangalore dinner order,237147.40,food_delivery,dinner,False,False,True,False
TXN_AARAV_20260203_0928,2026-02-03,2026-02-03T19:44:05+05:30,e69326fa-f75f-53d1-915f-cd743d715fa5,deposit,DEBIT,UPI,324.00,UPI/DE/OLA/Bangalore trip,236823.40,commute,cab_from_work,False,False,True,False
TXN_AARAV_20260204_0929,2026-02-04,2026-02-04T09:11:23+05:30,e69326fa-f75f-53d1-915f-cd743d715fa5,deposit,DEBIT,CARD,32.00,CARD/DE/BMRCL METRO/Bangalore fare,236791.40,commute,metro,False,False,False,False
TXN_AARAV_20260204_0930,2026-02-04,2026-02-04T12:49:02+05:30,e69326fa-f75f-53d1-915f-cd743d715fa5,deposit,DEBIT,UPI,237.00,UPI/DE/SWIGGY/Bangalore lunch,236554.40,food_delivery,lunch,False,False,True,False
TXN_AARAV_20260204_0931,2026-02-04,2026-02-04T19:22:15+05:30,e69326fa-f75f-53d1-915f-cd743d715fa5,deposit,DEBIT,UPI,253.00,UPI/DE/FLIPKART/Bangalore household,236301.40,household,household_items,False,False,True,False
TXN_AARAV_20260204_0932,2026-02-04,2026-02-04T23:02:07+05:30,e69326fa-f75f-53d1-915f-cd743d715fa5,deposit,DEBIT,UPI,276.00,UPI/DE/SWIGGY/late night food,236025.40,food_delivery,late_night_food,False,False,True,False
TXN_AARAV_20260205_0933,2026-02-05,2026-02-05T08:55:02+05:30,e69326fa-f75f-53d1-915f-cd743d715fa5,deposit,DEBIT,UPI,338.00,UPI/DE/UBER/Bangalore trip,235687.40,commute,cab_to_work,False,False,True,False
TXN_AARAV_20260205_0934,2026-02-05,2026-02-05T09:02:44+05:30,e69326fa-f75f-53d1-915f-cd743d715fa5,deposit,DEBIT,UPI,42000.00,UPI/DE/RENT TO LANDLORD/FEB26,193687.40,rent,monthly_rent,False,True,False,True
TXN_AARAV_20260205_0935,2026-02-05,2026-02-05T12:59:43+05:30,e69326fa-f75f-53d1-915f-cd743d715fa5,deposit,DEBIT,UPI,260.00,UPI/DE/THIRD WAVE COFFEE/Bangalore coffee,193427.40,coffee,morning_coffee,False,False,True,False
TXN_AARAV_20260205_0936,2026-02-05,2026-02-05T14:16:43+05:30,e69326fa-f75f-53d1-915f-cd743d715fa5,deposit,DEBIT,UPI,377.00,UPI/DE/SWIGGY/Bangalore lunch,193050.40,food_delivery,lunch,False,False,True,False
TXN_AARAV_20260205_0937,2026-02-05,2026-02-05T20:30:09+05:30,e69326fa-f75f-53d1-915f-cd743d715fa5,deposit,DEBIT,UPI,366.00,UPI/DE/UBER/Bangalore trip,192684.40,commute,cab_from_work,False,False,True,False
TXN_AARAV_20260206_0938,2026-02-06,2026-02-06T09:36:12+05:30,e69326fa-f75f-53d1-915f-cd743d715fa5,deposit,DEBIT,CARD,64.00,CARD/DE/BMRCL METRO/Bangalore fare,192620.40,commute,metro,False,False,False,False
TXN_AARAV_20260206_0939,2026-02-06,2026-02-06T12:03:22+05:30,e69326fa-f75f-53d1-915f-cd743d715fa5,deposit,DEBIT,FT,10000.00,NACH/DE/SIP MUTUAL FUND/HDFC BLUECHIP FUND/FEB26,182620.40,sip,mutual_fund_sip,False,True,False,True
TXN_AARAV_20260206_0940,2026-02-06,2026-02-06T12:27:15+05:30,e69326fa-f75f-53d1-915f-cd743d715fa5,deposit,DEBIT,UPI,367.00,UPI/DE/SWIGGY/Bangalore lunch,182253.40,food_delivery,lunch,False,False,True,False
TXN_AARAV_20260206_0941,2026-02-06,2026-02-06T12:42:30+05:30,e69326fa-f75f-53d1-915f-cd743d715fa5,deposit,DEBIT,UPI,128.00,UPI/DE/THIRD WAVE COFFEE/Bangalore coffee,182125.40,coffee,morning_coffee,False,False,True,False
TXN_AARAV_20260206_0942,2026-02-06,2026-02-06T19:56:29+05:30,e69326fa-f75f-53d1-915f-cd743d715fa5,deposit,DEBIT,UPI,592.00,UPI/DE/SWIGGY/Bangalore dinner order,181533.40,food_delivery,dinner,False,False,True,False
TXN_AARAV_20260206_0943,2026-02-06,2026-02-06T21:35:25+05:30,e69326fa-f75f-53d1-915f-cd743d715fa5,deposit,DEBIT,CARD,2726.10,CARD/DE/TOIT/Bangalore dining,178807.30,eating_out,friday_social,False,False,True,False
TXN_AARAV_20260207_0944,2026-02-07,2026-02-07T15:15:24+05:30,e69326fa-f75f-53d1-915f-cd743d715fa5,deposit,DEBIT,UPI,262.00,UPI/DE/BLUE TOKAI/Indiranagar coffee,178545.30,coffee,weekend_coffee,False,False,True,False
TXN_AARAV_20260207_0945,2026-02-07,2026-02-07T20:08:05+05:30,e69326fa-f75f-53d1-915f-cd743d715fa5,deposit,DEBIT,CARD,2207.40,CARD/DE/MTR/Bangalore dining,176337.90,eating_out,weekend_dining,False,False,True,False
TXN_AARAV_20260208_0946,2026-02-08,2026-02-08T17:08:39+05:30,e69326fa-f75f-53d1-915f-cd743d715fa5,deposit,DEBIT,UPI,1168.80,UPI/DE/MORE SUPERMARKET/Bangalore grocery,175169.10,groceries,grocery_topup,False,False,False,True
TXN_AARAV_20260208_0947,2026-02-08,2026-02-08T17:12:04+05:30,e69326fa-f75f-53d1-915f-cd743d715fa5,deposit,DEBIT,UPI,436.00,UPI/DE/CAFE COFFEE DAY/Indiranagar coffee,174733.10,coffee,weekend_coffee,False,False,True,False
TXN_AARAV_20260208_0948,2026-02-08,2026-02-08T22:14:26+05:30,e69326fa-f75f-53d1-915f-cd743d715fa5,deposit,DEBIT,CARD,1016.40,CARD/DE/MEGHANA FOODS/Bangalore dining,173716.70,eating_out,weekend_dining,False,False,True,False
TXN_AARAV_20260209_0949,2026-02-09,2026-02-09T08:58:49+05:30,e69326fa-f75f-53d1-915f-cd743d715fa5,deposit,DEBIT,CARD,54.00,CARD/DE/BMRCL METRO/Bangalore fare,173662.70,commute,metro,False,False,False,False
TXN_AARAV_20260209_0950,2026-02-09,2026-02-09T11:59:13+05:30,e69326fa-f75f-53d1-915f-cd743d715fa5,deposit,DEBIT,UPI,158.00,UPI/DE/CAFE COFFEE DAY/Bangalore coffee,173504.70,coffee,morning_coffee,False,False,True,False
TXN_AARAV_20260209_0951,2026-02-09,2026-02-09T13:07:38+05:30,e69326fa-f75f-53d1-915f-cd743d715fa5,deposit,DEBIT,UPI,205.00,UPI/DE/SWIGGY/Bangalore lunch,173299.70,food_delivery,lunch,False,False,True,False
TXN_AARAV_20260209_0952,2026-02-09,2026-02-09T22:33:45+05:30,e69326fa-f75f-53d1-915f-cd743d715fa5,deposit,DEBIT,UPI,264.00,UPI/DE/ZOMATO/late night food,173035.70,food_delivery,late_night_food,False,False,True,False
TXN_AARAV_20260209_0953,2026-02-09,2026-02-09T22:43:39+05:30,e69326fa-f75f-53d1-915f-cd743d715fa5,deposit,DEBIT,UPI,295.00,UPI/DE/ZOMATO/Bangalore dinner order,172740.70,food_delivery,dinner,False,False,True,False
TXN_AARAV_20260210_0954,2026-02-10,2026-02-10T08:58:31+05:30,e69326fa-f75f-53d1-915f-cd743d715fa5,deposit,DEBIT,CARD,31.00,CARD/DE/BMRCL METRO/Bangalore fare,172709.70,commute,metro,False,False,False,False
TXN_AARAV_20260210_0955,2026-02-10,2026-02-10T10:25:34+05:30,e69326fa-f75f-53d1-915f-cd743d715fa5,deposit,DEBIT,UPI,212.00,UPI/DE/BLUE TOKAI/Bangalore coffee,172497.70,coffee,morning_coffee,False,False,True,False
TXN_AARAV_20260210_0956,2026-02-10,2026-02-10T11:15:02+05:30,e69326fa-f75f-53d1-915f-cd743d715fa5,deposit,DEBIT,FT,5000.00,NACH/DE/SIP MUTUAL FUND/AXIS MIDCAP FUND/FEB26,167497.70,sip,mutual_fund_sip,False,True,False,True
TXN_AARAV_20260211_0957,2026-02-11,2026-02-11T09:21:21+05:30,e69326fa-f75f-53d1-915f-cd743d715fa5,deposit,DEBIT,CARD,59.00,CARD/DE/BMRCL METRO/Bangalore fare,167438.70,commute,metro,False,False,False,False
TXN_AARAV_20260211_0958,2026-02-11,2026-02-11T12:00:08+05:30,e69326fa-f75f-53d1-915f-cd743d715fa5,deposit,DEBIT,UPI,131.00,UPI/DE/BLUE TOKAI/Bangalore coffee,167307.70,coffee,morning_coffee,False,False,True,False
TXN_AARAV_20260211_0959,2026-02-11,2026-02-11T12:37:23+05:30,e69326fa-f75f-53d1-915f-cd743d715fa5,deposit,DEBIT,UPI,248.00,UPI/DE/ZOMATO/Bangalore lunch,167059.70,food_delivery,lunch,False,False,True,False
TXN_AARAV_20260211_0960,2026-02-11,2026-02-11T13:47:54+05:30,e69326fa-f75f-53d1-915f-cd743d715fa5,deposit,DEBIT,ATM,3000.00,ATM/DE/HDFC ATM BANGALORE/CASH WITHDRAWAL,164059.70,cash_withdrawal,atm,False,False,False,False
TXN_AARAV_20260212_0961,2026-02-12,2026-02-12T02:52:05+05:30,e69326fa-f75f-53d1-915f-cd743d715fa5,deposit,DEBIT,CARD,649.00,CARD/DE/RECURRING/NETFLIX/SUBSCRIPTION,163410.70,subscription,netflix,False,True,False,True
TXN_AARAV_20260212_0962,2026-02-12,2026-02-12T09:34:54+05:30,e69326fa-f75f-53d1-915f-cd743d715fa5,deposit,DEBIT,CARD,65.00,CARD/DE/BMRCL METRO/Bangalore fare,163345.70,commute,metro,False,False,False,False
TXN_AARAV_20260212_0963,2026-02-12,2026-02-12T11:06:00+05:30,e69326fa-f75f-53d1-915f-cd743d715fa5,deposit,DEBIT,UPI,132.00,UPI/DE/BLUE TOKAI/Bangalore coffee,163213.70,coffee,morning_coffee,False,False,True,False
TXN_AARAV_20260212_0964,2026-02-12,2026-02-12T14:05:45+05:30,e69326fa-f75f-53d1-915f-cd743d715fa5,deposit,DEBIT,UPI,430.00,UPI/DE/OFFICE CANTEEN/Bangalore lunch,162783.70,food_delivery,lunch,False,False,True,False
TXN_AARAV_20260212_0965,2026-02-12,2026-02-12T16:08:18+05:30,e69326fa-f75f-53d1-915f-cd743d715fa5,deposit,DEBIT,UPI,1833.00,UPI/DE/BESCOM/ELECTRICITY BILL/FEB26,160950.70,utility,electricity,False,True,False,True
TXN_AARAV_20260212_0966,2026-02-12,2026-02-12T23:54:30+05:30,e69326fa-f75f-53d1-915f-cd743d715fa5,deposit,DEBIT,UPI,341.00,UPI/DE/SWIGGY/late night food,160609.70,food_delivery,late_night_food,False,False,True,False
TXN_AARAV_20260213_0967,2026-02-13,2026-02-13T09:01:06+05:30,e69326fa-f75f-53d1-915f-cd743d715fa5,deposit,DEBIT,CARD,56.00,CARD/DE/BMRCL METRO/Bangalore fare,160553.70,commute,metro,False,False,False,False
TXN_AARAV_20260213_0968,2026-02-13,2026-02-13T12:18:48+05:30,e69326fa-f75f-53d1-915f-cd743d715fa5,deposit,DEBIT,UPI,328.00,UPI/DE/OFFICE CANTEEN/Bangalore lunch,160225.70,food_delivery,lunch,False,False,True,False
TXN_AARAV_20260213_0969,2026-02-13,2026-02-13T21:50:40+05:30,e69326fa-f75f-53d1-915f-cd743d715fa5,deposit,DEBIT,CARD,2626.50,CARD/DE/BIERE CLUB/Bangalore dining,157599.20,eating_out,friday_social,False,False,True,False
TXN_AARAV_20260214_0970,2026-02-14,2026-02-14T01:02:38+05:30,e69326fa-f75f-53d1-915f-cd743d715fa5,deposit,DEBIT,CARD,119.00,CARD/DE/RECURRING/SPOTIFY/SUBSCRIPTION,157480.20,subscription,spotify,False,True,False,True
TXN_AARAV_20260214_0971,2026-02-14,2026-02-14T04:55:18+05:30,e69326fa-f75f-53d1-915f-cd743d715fa5,deposit,DEBIT,CARD,75.00,CARD/DE/RECURRING/ICLOUD/SUBSCRIPTION,157405.20,subscription,icloud,False,True,False,True
TXN_AARAV_20260214_0972,2026-02-14,2026-02-14T16:07:15+05:30,e69326fa-f75f-53d1-915f-cd743d715fa5,deposit,DEBIT,UPI,318.00,UPI/DE/BLUE TOKAI/Indiranagar coffee,157087.20,coffee,weekend_coffee,False,False,True,False
TXN_AARAV_20260214_0973,2026-02-14,2026-02-14T19:01:11+05:30,e69326fa-f75f-53d1-915f-cd743d715fa5,deposit,DEBIT,CARD,2073.00,CARD/DE/EMPIRE RESTAURANT/Bangalore dining,155014.20,eating_out,weekend_dining,False,False,True,False
TXN_AARAV_20260215_0974,2026-02-15,2026-02-15T13:05:27+05:30,e69326fa-f75f-53d1-915f-cd743d715fa5,deposit,DEBIT,UPI,634.00,UPI/DE/ZOMATO/Bangalore lunch order,154380.20,food_delivery,lunch,False,False,True,False
TXN_AARAV_20260215_0975,2026-02-15,2026-02-15T17:09:43+05:30,e69326fa-f75f-53d1-915f-cd743d715fa5,deposit,DEBIT,FT,999.00,FT/DE/ACT FIBERNET/BROADBAND BILL/FEB26,153381.20,utility,broadband,False,True,False,True
TXN_AARAV_20260215_0976,2026-02-15,2026-02-15T19:09:22+05:30,e69326fa-f75f-53d1-915f-cd743d715fa5,deposit,DEBIT,UPI,1374.00,UPI/DE/DMART/Bangalore grocery,152007.20,groceries,grocery_topup,False,False,False,True
TXN_AARAV_20260215_0977,2026-02-15,2026-02-15T20:02:53+05:30,e69326fa-f75f-53d1-915f-cd743d715fa5,deposit,DEBIT,CARD,2697.60,CARD/DE/TRUFFLES/Bangalore dining,149309.60,eating_out,weekend_dining,False,False,True,False
TXN_AARAV_20260216_0978,2026-02-16,2026-02-16T09:10:12+05:30,e69326fa-f75f-53d1-915f-cd743d715fa5,deposit,DEBIT,CARD,53.00,CARD/DE/BMRCL METRO/Bangalore fare,149256.60,commute,metro,False,False,False,False
TXN_AARAV_20260216_0979,2026-02-16,2026-02-16T12:39:32+05:30,e69326fa-f75f-53d1-915f-cd743d715fa5,deposit,DEBIT,UPI,363.00,UPI/DE/ZOMATO/Bangalore lunch,148893.60,food_delivery,lunch,False,False,True,False
TXN_AARAV_20260217_0980,2026-02-17,2026-02-17T09:31:10+05:30,e69326fa-f75f-53d1-915f-cd743d715fa5,deposit,DEBIT,UPI,292.00,UPI/DE/UBER/Bangalore trip,148601.60,commute,cab_to_work,False,False,True,False
TXN_AARAV_20260217_0981,2026-02-17,2026-02-17T10:58:34+05:30,e69326fa-f75f-53d1-915f-cd743d715fa5,deposit,DEBIT,UPI,155.00,UPI/DE/STARBUCKS/Bangalore coffee,148446.60,coffee,morning_coffee,False,False,True,False
TXN_AARAV_20260217_0982,2026-02-17,2026-02-17T13:14:17+05:30,e69326fa-f75f-53d1-915f-cd743d715fa5,deposit,DEBIT,UPI,258.00,UPI/DE/SWIGGY/Bangalore lunch,148188.60,food_delivery,lunch,False,False,True,False
TXN_AARAV_20260217_0983,2026-02-17,2026-02-17T19:54:54+05:30,e69326fa-f75f-53d1-915f-cd743d715fa5,deposit,DEBIT,UPI,241.00,UPI/DE/UBER/Bangalore trip,147947.60,commute,cab_from_work,False,False,True,False
TXN_AARAV_20260217_0984,2026-02-17,2026-02-17T22:17:23+05:30,e69326fa-f75f-53d1-915f-cd743d715fa5,deposit,DEBIT,UPI,518.00,UPI/DE/SWIGGY/Bangalore dinner order,147429.60,food_delivery,dinner,False,False,True,False
TXN_AARAV_20260218_0985,2026-02-18,2026-02-18T08:11:22+05:30,e69326fa-f75f-53d1-915f-cd743d715fa5,deposit,DEBIT,CARD,69.00,CARD/DE/BMRCL METRO/Bangalore fare,147360.60,commute,metro,False,False,False,False
TXN_AARAV_20260218_0986,2026-02-18,2026-02-18T11:26:32+05:30,e69326fa-f75f-53d1-915f-cd743d715fa5,deposit,DEBIT,UPI,236.00,UPI/DE/THIRD WAVE COFFEE/Bangalore coffee,147124.60,coffee,morning_coffee,False,False,True,False
TXN_AARAV_20260218_0987,2026-02-18,2026-02-18T13:15:28+05:30,e69326fa-f75f-53d1-915f-cd743d715fa5,deposit,DEBIT,UPI,400.00,UPI/DE/ZOMATO/Bangalore lunch,146724.60,food_delivery,lunch,False,False,True,False
TXN_AARAV_20260218_0988,2026-02-18,2026-02-18T16:41:39+05:30,e69326fa-f75f-53d1-915f-cd743d715fa5,deposit,DEBIT,UPI,599.00,UPI/DE/JIO/MOBILE BILL/FEB26,146125.60,utility,mobile,False,True,False,True
TXN_AARAV_20260219_0989,2026-02-19,2026-02-19T08:22:00+05:30,e69326fa-f75f-53d1-915f-cd743d715fa5,deposit,DEBIT,UPI,280.00,UPI/DE/OLA/Bangalore trip,145845.60,commute,cab_to_work,False,False,True,False
TXN_AARAV_20260219_0990,2026-02-19,2026-02-19T11:44:46+05:30,e69326fa-f75f-53d1-915f-cd743d715fa5,deposit,DEBIT,UPI,204.00,UPI/DE/BLUE TOKAI/Bangalore coffee,145641.60,coffee,morning_coffee,False,False,True,False
TXN_AARAV_20260219_0991,2026-02-19,2026-02-19T14:55:03+05:30,e69326fa-f75f-53d1-915f-cd743d715fa5,deposit,DEBIT,UPI,273.00,UPI/DE/OFFICE CANTEEN/Bangalore lunch,145368.60,food_delivery,lunch,False,False,True,False
TXN_AARAV_20260219_0992,2026-02-19,2026-02-19T15:23:54+05:30,e69326fa-f75f-53d1-915f-cd743d715fa5,deposit,DEBIT,UPI,609.00,UPI/DE/FLIPKART/Bangalore household,144759.60,household,household_items,False,False,True,False
TXN_AARAV_20260219_0993,2026-02-19,2026-02-19T19:44:36+05:30,e69326fa-f75f-53d1-915f-cd743d715fa5,deposit,DEBIT,UPI,365.00,UPI/DE/SWIGGY/Bangalore dinner order,144394.60,food_delivery,dinner,False,False,True,False
TXN_AARAV_20260219_0994,2026-02-19,2026-02-19T21:35:53+05:30,e69326fa-f75f-53d1-915f-cd743d715fa5,deposit,DEBIT,UPI,342.00,UPI/DE/OLA/Bangalore trip,144052.60,commute,cab_from_work,False,False,True,False
TXN_AARAV_20260220_0995,2026-02-20,2026-02-20T02:05:30+05:30,e69326fa-f75f-53d1-915f-cd743d715fa5,deposit,DEBIT,CARD,179.00,CARD/DE/RECURRING/AMAZON PRIME/SUBSCRIPTION,143873.60,subscription,amazon_prime,False,True,False,True
TXN_AARAV_20260220_0996,2026-02-20,2026-02-20T13:40:07+05:30,e69326fa-f75f-53d1-915f-cd743d715fa5,deposit,DEBIT,UPI,378.00,UPI/DE/SWIGGY/Bangalore lunch,143495.60,food_delivery,lunch,False,False,True,False
TXN_AARAV_20260220_0997,2026-02-20,2026-02-20T22:01:25+05:30,e69326fa-f75f-53d1-915f-cd743d715fa5,deposit,DEBIT,CARD,1542.00,CARD/DE/BIERE CLUB/Bangalore dining,141953.60,eating_out,friday_social,False,False,True,False
TXN_AARAV_20260220_0998,2026-02-20,2026-02-20T22:23:16+05:30,e69326fa-f75f-53d1-915f-cd743d715fa5,deposit,DEBIT,UPI,387.00,UPI/DE/SWIGGY/late night food,141566.60,food_delivery,late_night_food,False,False,True,False
TXN_AARAV_20260221_0999,2026-02-21,2026-02-21T13:20:09+05:30,e69326fa-f75f-53d1-915f-cd743d715fa5,deposit,DEBIT,UPI,1806.35,UPI/DE/BLINKIT/Bangalore grocery,139760.25,groceries,weekly_grocery,False,False,False,True
TXN_AARAV_20260221_1000,2026-02-21,2026-02-21T17:45:17+05:30,e69326fa-f75f-53d1-915f-cd743d715fa5,deposit,DEBIT,UPI,381.00,UPI/DE/CAFE COFFEE DAY/Indiranagar coffee,139379.25,coffee,weekend_coffee,False,False,True,False
TXN_AARAV_20260221_1001,2026-02-21,2026-02-21T18:09:11+05:30,e69326fa-f75f-53d1-915f-cd743d715fa5,deposit,CREDIT,UPI,22204.00,UPI/CR/FREELANCE CLIENT/CONSULTING/FEB26,161583.25,freelance_income,consulting,True,False,False,False
TXN_AARAV_20260222_1002,2026-02-22,2026-02-22T18:04:13+05:30,e69326fa-f75f-53d1-915f-cd743d715fa5,deposit,DEBIT,UPI,1149.00,UPI/DE/BIGBASKET/Bangalore grocery,160434.25,groceries,grocery_topup,False,False,False,True
TXN_AARAV_20260222_1003,2026-02-22,2026-02-22T20:30:55+05:30,e69326fa-f75f-53d1-915f-cd743d715fa5,deposit,DEBIT,CARD,1379.00,CARD/DE/TOIT/Bangalore dining,159055.25,eating_out,weekend_dining,False,False,True,False
TXN_AARAV_20260223_1004,2026-02-23,2026-02-23T10:57:22+05:30,e69326fa-f75f-53d1-915f-cd743d715fa5,deposit,DEBIT,UPI,143.00,UPI/DE/CAFE COFFEE DAY/Bangalore coffee,158912.25,coffee,morning_coffee,False,False,True,False
TXN_AARAV_20260224_1005,2026-02-24,2026-02-24T08:08:27+05:30,e69326fa-f75f-53d1-915f-cd743d715fa5,deposit,DEBIT,CARD,67.00,CARD/DE/BMRCL METRO/Bangalore fare,158845.25,commute,metro,False,False,False,False
TXN_AARAV_20260224_1006,2026-02-24,2026-02-24T12:59:55+05:30,e69326fa-f75f-53d1-915f-cd743d715fa5,deposit,DEBIT,UPI,133.00,UPI/DE/BLUE TOKAI/Bangalore coffee,158712.25,coffee,morning_coffee,False,False,True,False
TXN_AARAV_20260225_1007,2026-02-25,2026-02-25T08:04:02+05:30,e69326fa-f75f-53d1-915f-cd743d715fa5,deposit,DEBIT,CARD,31.00,CARD/DE/BMRCL METRO/Bangalore fare,158681.25,commute,metro,False,False,False,False
TXN_AARAV_20260225_1008,2026-02-25,2026-02-25T22:53:22+05:30,e69326fa-f75f-53d1-915f-cd743d715fa5,deposit,DEBIT,UPI,450.00,UPI/DE/ZOMATO/Bangalore dinner order,158231.25,food_delivery,dinner,False,False,True,False
TXN_AARAV_20260226_1009,2026-02-26,2026-02-26T09:44:57+05:30,e69326fa-f75f-53d1-915f-cd743d715fa5,deposit,DEBIT,CARD,63.00,CARD/DE/BMRCL METRO/Bangalore fare,158168.25,commute,metro,False,False,False,False
TXN_AARAV_20260227_1010,2026-02-27,2026-02-27T09:13:22+05:30,e69326fa-f75f-53d1-915f-cd743d715fa5,deposit,DEBIT,UPI,305.00,UPI/DE/OLA/Bangalore trip,157863.25,commute,cab_to_work,False,False,True,False
TXN_AARAV_20260227_1011,2026-02-27,2026-02-27T12:40:43+05:30,e69326fa-f75f-53d1-915f-cd743d715fa5,deposit,DEBIT,UPI,274.00,UPI/DE/STARBUCKS/Bangalore coffee,157589.25,coffee,morning_coffee,False,False,True,False
TXN_AARAV_20260227_1012,2026-02-27,2026-02-27T13:03:37+05:30,e69326fa-f75f-53d1-915f-cd743d715fa5,deposit,DEBIT,UPI,384.00,UPI/DE/OFFICE CANTEEN/Bangalore lunch,157205.25,food_delivery,lunch,False,False,True,False
TXN_AARAV_20260227_1013,2026-02-27,2026-02-27T21:23:30+05:30,e69326fa-f75f-53d1-915f-cd743d715fa5,deposit,DEBIT,UPI,284.00,UPI/DE/OLA/Bangalore trip,156921.25,commute,cab_from_work,False,False,True,False
TXN_AARAV_20260227_1014,2026-02-27,2026-02-27T21:46:22+05:30,e69326fa-f75f-53d1-915f-cd743d715fa5,deposit,DEBIT,CARD,912.00,CARD/DE/BYG BREWSKI/Bangalore dining,156009.25,eating_out,friday_social,False,False,True,False
TXN_AARAV_20260228_1015,2026-02-28,2026-02-28T10:39:29+05:30,e69326fa-f75f-53d1-915f-cd743d715fa5,deposit,CREDIT,FT,165000.00,FT/CR/ACME TECH SALARY/FEB26,321009.25,salary,monthly_salary,True,False,False,True
TXN_AARAV_20260228_1016,2026-02-28,2026-02-28T12:53:36+05:30,e69326fa-f75f-53d1-915f-cd743d715fa5,deposit,DEBIT,UPI,2600.00,UPI/DE/BLINKIT/Bangalore grocery,318409.25,groceries,weekly_grocery,False,False,False,True
TXN_AARAV_20260228_1017,2026-02-28,2026-02-28T18:36:28+05:30,e69326fa-f75f-53d1-915f-cd743d715fa5,deposit,DEBIT,CARD,3122.60,CARD/DE/MYNTRA/shopping,315286.65,fashion,impulse_shopping,False,False,True,False
TXN_AARAV_20260301_1018,2026-03-01,2026-03-01T13:25:34+05:30,e69326fa-f75f-53d1-915f-cd743d715fa5,deposit,DEBIT,UPI,330.00,UPI/DE/SWIGGY/Bangalore lunch order,314956.65,food_delivery,lunch,False,False,True,False
TXN_AARAV_20260301_1019,2026-03-01,2026-03-01T19:18:21+05:30,e69326fa-f75f-53d1-915f-cd743d715fa5,deposit,DEBIT,UPI,637.00,UPI/DE/MORE SUPERMARKET/Bangalore grocery,314319.65,groceries,grocery_topup,False,False,False,True
TXN_AARAV_20260302_1020,2026-03-02,2026-03-02T09:39:21+05:30,e69326fa-f75f-53d1-915f-cd743d715fa5,deposit,DEBIT,UPI,325.00,UPI/DE/OLA/Bangalore trip,313994.65,commute,cab_to_work,False,False,True,False
TXN_AARAV_20260302_1021,2026-03-02,2026-03-02T21:07:22+05:30,e69326fa-f75f-53d1-915f-cd743d715fa5,deposit,DEBIT,UPI,605.00,UPI/DE/ZOMATO/Bangalore dinner order,313389.65,food_delivery,dinner,False,False,True,False
TXN_AARAV_20260302_1022,2026-03-02,2026-03-02T21:56:20+05:30,e69326fa-f75f-53d1-915f-cd743d715fa5,deposit,DEBIT,UPI,293.00,UPI/DE/OLA/Bangalore trip,313096.65,commute,cab_from_work,False,False,True,False
TXN_AARAV_20260302_1023,2026-03-02,2026-03-02T22:19:21+05:30,e69326fa-f75f-53d1-915f-cd743d715fa5,deposit,DEBIT,UPI,483.00,UPI/DE/SWIGGY/late night food,312613.65,food_delivery,late_night_food,False,False,True,False
TXN_AARAV_20260303_1024,2026-03-03,2026-03-03T08:59:31+05:30,e69326fa-f75f-53d1-915f-cd743d715fa5,deposit,DEBIT,UPI,230.00,UPI/DE/OLA/Bangalore trip,312383.65,commute,cab_to_work,False,False,True,False
TXN_AARAV_20260303_1025,2026-03-03,2026-03-03T12:55:59+05:30,e69326fa-f75f-53d1-915f-cd743d715fa5,deposit,DEBIT,UPI,347.00,UPI/DE/OFFICE CANTEEN/Bangalore lunch,312036.65,food_delivery,lunch,False,False,True,False
TXN_AARAV_20260304_1026,2026-03-04,2026-03-04T10:42:18+05:30,e69326fa-f75f-53d1-915f-cd743d715fa5,deposit,DEBIT,UPI,154.00,UPI/DE/OLA/Bangalore trip,311882.65,commute,cab_to_work,False,False,True,False
TXN_AARAV_20260304_1027,2026-03-04,2026-03-04T11:21:24+05:30,e69326fa-f75f-53d1-915f-cd743d715fa5,deposit,DEBIT,UPI,142.00,UPI/DE/CAFE COFFEE DAY/Bangalore coffee,311740.65,coffee,morning_coffee,False,False,True,False
TXN_AARAV_20260304_1028,2026-03-04,2026-03-04T12:21:16+05:30,e69326fa-f75f-53d1-915f-cd743d715fa5,deposit,DEBIT,UPI,437.00,UPI/DE/OFFICE CANTEEN/Bangalore lunch,311303.65,food_delivery,lunch,False,False,True,False
TXN_AARAV_20260304_1029,2026-03-04,2026-03-04T22:34:41+05:30,e69326fa-f75f-53d1-915f-cd743d715fa5,deposit,DEBIT,UPI,379.00,UPI/DE/SWIGGY/Bangalore dinner order,310924.65,food_delivery,dinner,False,False,True,False
TXN_AARAV_20260305_1030,2026-03-05,2026-03-05T09:21:28+05:30,e69326fa-f75f-53d1-915f-cd743d715fa5,deposit,DEBIT,CARD,72.00,CARD/DE/BMRCL METRO/Bangalore fare,310852.65,commute,metro,False,False,False,False
TXN_AARAV_20260305_1031,2026-03-05,2026-03-05T11:00:05+05:30,e69326fa-f75f-53d1-915f-cd743d715fa5,deposit,DEBIT,UPI,42000.00,UPI/DE/RENT TO LANDLORD/MAR26,268852.65,rent,monthly_rent,False,True,False,True
TXN_AARAV_20260305_1032,2026-03-05,2026-03-05T12:33:09+05:30,e69326fa-f75f-53d1-915f-cd743d715fa5,deposit,DEBIT,UPI,142.00,UPI/DE/STARBUCKS/Bangalore coffee,268710.65,coffee,morning_coffee,False,False,True,False
TXN_AARAV_20260305_1033,2026-03-05,2026-03-05T12:42:40+05:30,e69326fa-f75f-53d1-915f-cd743d715fa5,deposit,DEBIT,UPI,393.00,UPI/DE/SWIGGY/Bangalore lunch,268317.65,food_delivery,lunch,False,False,True,False
TXN_AARAV_20260305_1034,2026-03-05,2026-03-05T19:10:00+05:30,e69326fa-f75f-53d1-915f-cd743d715fa5,deposit,DEBIT,UPI,618.00,UPI/DE/SWIGGY/Bangalore dinner order,267699.65,food_delivery,dinner,False,False,True,False
TXN_AARAV_20260306_1035,2026-03-06,2026-03-06T10:04:08+05:30,e69326fa-f75f-53d1-915f-cd743d715fa5,deposit,DEBIT,UPI,245.00,UPI/DE/OLA/Bangalore trip,267454.65,commute,cab_to_work,False,False,True,False
TXN_AARAV_20260306_1036,2026-03-06,2026-03-06T10:09:11+05:30,e69326fa-f75f-53d1-915f-cd743d715fa5,deposit,DEBIT,FT,10000.00,NACH/DE/SIP MUTUAL FUND/HDFC BLUECHIP FUND/MAR26,257454.65,sip,mutual_fund_sip,False,True,False,True
TXN_AARAV_20260306_1037,2026-03-06,2026-03-06T12:09:16+05:30,e69326fa-f75f-53d1-915f-cd743d715fa5,deposit,DEBIT,UPI,281.00,UPI/DE/ZOMATO/Bangalore lunch,257173.65,food_delivery,lunch,False,False,True,False
TXN_AARAV_20260306_1038,2026-03-06,2026-03-06T12:21:55+05:30,e69326fa-f75f-53d1-915f-cd743d715fa5,deposit,DEBIT,UPI,241.00,UPI/DE/STARBUCKS/Bangalore coffee,256932.65,coffee,morning_coffee,False,False,True,False
TXN_AARAV_20260306_1039,2026-03-06,2026-03-06T18:31:32+05:30,e69326fa-f75f-53d1-915f-cd743d715fa5,deposit,DEBIT,UPI,209.00,UPI/DE/OLA/Bangalore trip,256723.65,commute,cab_from_work,False,False,True,False
TXN_AARAV_20260306_1040,2026-03-06,2026-03-06T19:42:58+05:30,e69326fa-f75f-53d1-915f-cd743d715fa5,deposit,DEBIT,UPI,436.00,UPI/DE/SWIGGY/Bangalore dinner order,256287.65,food_delivery,dinner,False,False,True,False
TXN_AARAV_20260306_1041,2026-03-06,2026-03-06T21:30:33+05:30,e69326fa-f75f-53d1-915f-cd743d715fa5,deposit,DEBIT,CARD,1562.60,CARD/DE/BYG BREWSKI/Bangalore dining,254725.05,eating_out,friday_social,False,False,True,False
TXN_AARAV_20260307_1042,2026-03-07,2026-03-07T11:39:44+05:30,e69326fa-f75f-53d1-915f-cd743d715fa5,deposit,DEBIT,UPI,4461.60,UPI/DE/MORE SUPERMARKET/Bangalore grocery,250263.45,groceries,weekly_grocery,False,False,False,True
TXN_AARAV_20260307_1043,2026-03-07,2026-03-07T22:51:41+05:30,e69326fa-f75f-53d1-915f-cd743d715fa5,deposit,DEBIT,CARD,1628.90,CARD/DE/EMPIRE RESTAURANT/Bangalore dining,248634.55,eating_out,weekend_dining,False,False,True,False
TXN_AARAV_20260308_1044,2026-03-08,2026-03-08T12:22:01+05:30,e69326fa-f75f-53d1-915f-cd743d715fa5,deposit,DEBIT,UPI,534.00,UPI/DE/SWIGGY/Bangalore lunch order,248100.55,food_delivery,lunch,False,False,True,False
TXN_AARAV_20260308_1045,2026-03-08,2026-03-08T19:53:17+05:30,e69326fa-f75f-53d1-915f-cd743d715fa5,deposit,DEBIT,UPI,818.00,UPI/DE/BIGBASKET/Bangalore grocery,247282.55,groceries,grocery_topup,False,False,False,True
TXN_AARAV_20260308_1046,2026-03-08,2026-03-08T20:53:50+05:30,e69326fa-f75f-53d1-915f-cd743d715fa5,deposit,DEBIT,CARD,1004.00,CARD/DE/EMPIRE RESTAURANT/Bangalore dining,246278.55,eating_out,weekend_dining,False,False,True,False
TXN_AARAV_20260309_1047,2026-03-09,2026-03-09T08:45:12+05:30,e69326fa-f75f-53d1-915f-cd743d715fa5,deposit,DEBIT,CARD,33.00,CARD/DE/BMRCL METRO/Bangalore fare,246245.55,commute,metro,False,False,False,False
TXN_AARAV_20260309_1048,2026-03-09,2026-03-09T10:32:20+05:30,e69326fa-f75f-53d1-915f-cd743d715fa5,deposit,DEBIT,UPI,149.00,UPI/DE/CAFE COFFEE DAY/Bangalore coffee,246096.55,coffee,morning_coffee,False,False,True,False
TXN_AARAV_20260309_1049,2026-03-09,2026-03-09T22:13:15+05:30,e69326fa-f75f-53d1-915f-cd743d715fa5,deposit,DEBIT,UPI,545.00,UPI/DE/SWIGGY/late night food,245551.55,food_delivery,late_night_food,False,False,True,False
TXN_AARAV_20260310_1050,2026-03-10,2026-03-10T08:38:48+05:30,e69326fa-f75f-53d1-915f-cd743d715fa5,deposit,DEBIT,CARD,48.00,CARD/DE/BMRCL METRO/Bangalore fare,245503.55,commute,metro,False,False,False,False
TXN_AARAV_20260310_1051,2026-03-10,2026-03-10T09:10:33+05:30,e69326fa-f75f-53d1-915f-cd743d715fa5,deposit,DEBIT,FT,5000.00,NACH/DE/SIP MUTUAL FUND/AXIS MIDCAP FUND/MAR26,240503.55,sip,mutual_fund_sip,False,True,False,True
TXN_AARAV_20260310_1052,2026-03-10,2026-03-10T10:30:19+05:30,e69326fa-f75f-53d1-915f-cd743d715fa5,deposit,DEBIT,UPI,187.00,UPI/DE/BLUE TOKAI/Bangalore coffee,240316.55,coffee,morning_coffee,False,False,True,False
TXN_AARAV_20260311_1053,2026-03-11,2026-03-11T08:14:54+05:30,e69326fa-f75f-53d1-915f-cd743d715fa5,deposit,DEBIT,UPI,190.00,UPI/DE/UBER/Bangalore trip,240126.55,commute,cab_to_work,False,False,True,False
TXN_AARAV_20260311_1054,2026-03-11,2026-03-11T13:29:00+05:30,e69326fa-f75f-53d1-915f-cd743d715fa5,deposit,DEBIT,UPI,228.00,UPI/DE/SWIGGY/Bangalore lunch,239898.55,food_delivery,lunch,False,False,True,False
TXN_AARAV_20260311_1055,2026-03-11,2026-03-11T18:40:48+05:30,e69326fa-f75f-53d1-915f-cd743d715fa5,deposit,DEBIT,UPI,208.00,UPI/DE/UBER/Bangalore trip,239690.55,commute,cab_from_work,False,False,True,False
TXN_AARAV_20260312_1056,2026-03-12,2026-03-12T01:58:03+05:30,e69326fa-f75f-53d1-915f-cd743d715fa5,deposit,DEBIT,CARD,649.00,CARD/DE/RECURRING/NETFLIX/SUBSCRIPTION,239041.55,subscription,netflix,False,True,False,True
TXN_AARAV_20260312_1057,2026-03-12,2026-03-12T08:21:20+05:30,e69326fa-f75f-53d1-915f-cd743d715fa5,deposit,DEBIT,CARD,42.00,CARD/DE/BMRCL METRO/Bangalore fare,238999.55,commute,metro,False,False,False,False
TXN_AARAV_20260312_1058,2026-03-12,2026-03-12T12:44:32+05:30,e69326fa-f75f-53d1-915f-cd743d715fa5,deposit,DEBIT,UPI,272.00,UPI/DE/CAFE COFFEE DAY/Bangalore coffee,238727.55,coffee,morning_coffee,False,False,True,False
TXN_AARAV_20260312_1059,2026-03-12,2026-03-12T14:42:09+05:30,e69326fa-f75f-53d1-915f-cd743d715fa5,deposit,DEBIT,UPI,254.00,UPI/DE/ZOMATO/Bangalore lunch,238473.55,food_delivery,lunch,False,False,True,False
TXN_AARAV_20260312_1060,2026-03-12,2026-03-12T17:18:30+05:30,e69326fa-f75f-53d1-915f-cd743d715fa5,deposit,DEBIT,UPI,1005.00,UPI/DE/BESCOM/ELECTRICITY BILL/MAR26,237468.55,utility,electricity,False,True,False,True
TXN_AARAV_20260312_1061,2026-03-12,2026-03-12T21:46:20+05:30,e69326fa-f75f-53d1-915f-cd743d715fa5,deposit,DEBIT,UPI,351.00,UPI/DE/ZOMATO/Bangalore dinner order,237117.55,food_delivery,dinner,False,False,True,False
TXN_AARAV_20260313_1062,2026-03-13,2026-03-13T09:02:03+05:30,e69326fa-f75f-53d1-915f-cd743d715fa5,deposit,DEBIT,UPI,191.00,UPI/DE/UBER/Bangalore trip,236926.55,commute,cab_to_work,False,False,True,False
TXN_AARAV_20260313_1063,2026-03-13,2026-03-13T14:33:58+05:30,e69326fa-f75f-53d1-915f-cd743d715fa5,deposit,DEBIT,UPI,222.00,UPI/DE/SWIGGY/Bangalore lunch,236704.55,food_delivery,lunch,False,False,True,False
TXN_AARAV_20260313_1064,2026-03-13,2026-03-13T21:36:34+05:30,e69326fa-f75f-53d1-915f-cd743d715fa5,deposit,DEBIT,CARD,2410.50,CARD/DE/TOIT/Bangalore dining,234294.05,eating_out,friday_social,False,False,True,False
TXN_AARAV_20260314_1065,2026-03-14,2026-03-14T01:38:03+05:30,e69326fa-f75f-53d1-915f-cd743d715fa5,deposit,DEBIT,CARD,75.00,CARD/DE/RECURRING/ICLOUD/SUBSCRIPTION,234219.05,subscription,icloud,False,True,False,True
TXN_AARAV_20260314_1066,2026-03-14,2026-03-14T02:17:48+05:30,e69326fa-f75f-53d1-915f-cd743d715fa5,deposit,DEBIT,CARD,119.00,CARD/DE/RECURRING/SPOTIFY/SUBSCRIPTION,234100.05,subscription,spotify,False,True,False,True
TXN_AARAV_20260314_1067,2026-03-14,2026-03-14T12:14:48+05:30,e69326fa-f75f-53d1-915f-cd743d715fa5,deposit,DEBIT,UPI,2842.50,UPI/DE/MORE SUPERMARKET/Bangalore grocery,231257.55,groceries,weekly_grocery,False,False,False,True
TXN_AARAV_20260314_1068,2026-03-14,2026-03-14T17:39:38+05:30,e69326fa-f75f-53d1-915f-cd743d715fa5,deposit,DEBIT,CARD,4999.50,CARD/DE/ZARA/shopping,226258.05,fashion,impulse_shopping,False,False,True,False
TXN_AARAV_20260314_1069,2026-03-14,2026-03-14T19:06:32+05:30,e69326fa-f75f-53d1-915f-cd743d715fa5,deposit,DEBIT,CARD,1339.50,CARD/DE/EMPIRE RESTAURANT/Bangalore dining,224918.55,eating_out,weekend_dining,False,False,True,False
TXN_AARAV_20260315_1070,2026-03-15,2026-03-15T14:40:35+05:30,e69326fa-f75f-53d1-915f-cd743d715fa5,deposit,DEBIT,UPI,611.00,UPI/DE/ZOMATO/Bangalore lunch order,224307.55,food_delivery,lunch,False,False,True,False
TXN_AARAV_20260315_1071,2026-03-15,2026-03-15T14:56:08+05:30,e69326fa-f75f-53d1-915f-cd743d715fa5,deposit,DEBIT,FT,999.00,FT/DE/ACT FIBERNET/BROADBAND BILL/MAR26,223308.55,utility,broadband,False,True,False,True
TXN_AARAV_20260315_1072,2026-03-15,2026-03-15T17:36:22+05:30,e69326fa-f75f-53d1-915f-cd743d715fa5,deposit,DEBIT,UPI,187.00,UPI/DE/BLUE TOKAI/Indiranagar coffee,223121.55,coffee,weekend_coffee,False,False,True,False
TXN_AARAV_20260315_1073,2026-03-15,2026-03-15T21:55:29+05:30,e69326fa-f75f-53d1-915f-cd743d715fa5,deposit,DEBIT,CARD,1426.00,CARD/DE/MTR/Bangalore dining,221695.55,eating_out,weekend_dining,False,False,True,False
TXN_AARAV_20260316_1074,2026-03-16,2026-03-16T09:54:04+05:30,e69326fa-f75f-53d1-915f-cd743d715fa5,deposit,DEBIT,UPI,312.00,UPI/DE/RAPIDO/Bangalore trip,221383.55,commute,cab_to_work,False,False,True,False
TXN_AARAV_20260316_1075,2026-03-16,2026-03-16T10:08:05+05:30,e69326fa-f75f-53d1-915f-cd743d715fa5,deposit,DEBIT,UPI,161.00,UPI/DE/CAFE COFFEE DAY/Bangalore coffee,221222.55,coffee,morning_coffee,False,False,True,False
TXN_AARAV_20260316_1076,2026-03-16,2026-03-16T19:28:55+05:30,e69326fa-f75f-53d1-915f-cd743d715fa5,deposit,DEBIT,UPI,288.00,UPI/DE/RAPIDO/Bangalore trip,220934.55,commute,cab_from_work,False,False,True,False
TXN_AARAV_20260317_1077,2026-03-17,2026-03-17T08:05:36+05:30,e69326fa-f75f-53d1-915f-cd743d715fa5,deposit,DEBIT,UPI,251.00,UPI/DE/OLA/Bangalore trip,220683.55,commute,cab_to_work,False,False,True,False
TXN_AARAV_20260317_1078,2026-03-17,2026-03-17T20:34:36+05:30,e69326fa-f75f-53d1-915f-cd743d715fa5,deposit,DEBIT,UPI,368.00,UPI/DE/OLA/Bangalore trip,220315.55,commute,cab_from_work,False,False,True,False
TXN_AARAV_20260317_1079,2026-03-17,2026-03-17T21:12:24+05:30,e69326fa-f75f-53d1-915f-cd743d715fa5,deposit,DEBIT,UPI,383.00,UPI/DE/ZOMATO/Bangalore dinner order,219932.55,food_delivery,dinner,False,False,True,False
TXN_AARAV_20260318_1080,2026-03-18,2026-03-18T09:48:29+05:30,e69326fa-f75f-53d1-915f-cd743d715fa5,deposit,DEBIT,UPI,251.00,UPI/DE/UBER/Bangalore trip,219681.55,commute,cab_to_work,False,False,True,False
TXN_AARAV_20260318_1081,2026-03-18,2026-03-18T12:04:32+05:30,e69326fa-f75f-53d1-915f-cd743d715fa5,deposit,DEBIT,UPI,372.00,UPI/DE/ZOMATO/Bangalore lunch,219309.55,food_delivery,lunch,False,False,True,False
TXN_AARAV_20260318_1082,2026-03-18,2026-03-18T12:40:03+05:30,e69326fa-f75f-53d1-915f-cd743d715fa5,deposit,DEBIT,UPI,187.00,UPI/DE/STARBUCKS/Bangalore coffee,219122.55,coffee,morning_coffee,False,False,True,False
TXN_AARAV_20260318_1083,2026-03-18,2026-03-18T16:28:08+05:30,e69326fa-f75f-53d1-915f-cd743d715fa5,deposit,DEBIT,UPI,599.00,UPI/DE/JIO/MOBILE BILL/MAR26,218523.55,utility,mobile,False,True,False,True
TXN_AARAV_20260318_1084,2026-03-18,2026-03-18T19:46:00+05:30,e69326fa-f75f-53d1-915f-cd743d715fa5,deposit,DEBIT,UPI,446.00,UPI/DE/ZOMATO/Bangalore dinner order,218077.55,food_delivery,dinner,False,False,True,False
TXN_AARAV_20260318_1085,2026-03-18,2026-03-18T20:31:05+05:30,e69326fa-f75f-53d1-915f-cd743d715fa5,deposit,DEBIT,UPI,330.00,UPI/DE/UBER/Bangalore trip,217747.55,commute,cab_from_work,False,False,True,False
TXN_AARAV_20260318_1086,2026-03-18,2026-03-18T23:13:20+05:30,e69326fa-f75f-53d1-915f-cd743d715fa5,deposit,DEBIT,UPI,426.00,UPI/DE/SWIGGY/late night food,217321.55,food_delivery,late_night_food,False,False,True,False
TXN_AARAV_20260319_1087,2026-03-19,2026-03-19T09:11:04+05:30,e69326fa-f75f-53d1-915f-cd743d715fa5,deposit,DEBIT,UPI,339.00,UPI/DE/RAPIDO/Bangalore trip,216982.55,commute,cab_to_work,False,False,True,False
TXN_AARAV_20260319_1088,2026-03-19,2026-03-19T11:15:38+05:30,e69326fa-f75f-53d1-915f-cd743d715fa5,deposit,DEBIT,UPI,164.00,UPI/DE/STARBUCKS/Bangalore coffee,216818.55,coffee,morning_coffee,False,False,True,False
TXN_AARAV_20260319_1089,2026-03-19,2026-03-19T19:32:13+05:30,e69326fa-f75f-53d1-915f-cd743d715fa5,deposit,DEBIT,UPI,319.00,UPI/DE/SWIGGY/Bangalore dinner order,216499.55,food_delivery,dinner,False,False,True,False
TXN_AARAV_20260319_1090,2026-03-19,2026-03-19T20:28:12+05:30,e69326fa-f75f-53d1-915f-cd743d715fa5,deposit,DEBIT,UPI,267.00,UPI/DE/RAPIDO/Bangalore trip,216232.55,commute,cab_from_work,False,False,True,False
TXN_AARAV_20260320_1091,2026-03-20,2026-03-20T03:05:16+05:30,e69326fa-f75f-53d1-915f-cd743d715fa5,deposit,DEBIT,CARD,179.00,CARD/DE/RECURRING/AMAZON PRIME/SUBSCRIPTION,216053.55,subscription,amazon_prime,False,True,False,True
TXN_AARAV_20260320_1092,2026-03-20,2026-03-20T08:30:32+05:30,e69326fa-f75f-53d1-915f-cd743d715fa5,deposit,DEBIT,CARD,54.00,CARD/DE/BMRCL METRO/Bangalore fare,215999.55,commute,metro,False,False,False,False
TXN_AARAV_20260320_1093,2026-03-20,2026-03-20T12:24:09+05:30,e69326fa-f75f-53d1-915f-cd743d715fa5,deposit,DEBIT,UPI,385.00,UPI/DE/ZOMATO/Bangalore lunch,215614.55,food_delivery,lunch,False,False,True,False
TXN_AARAV_20260320_1094,2026-03-20,2026-03-20T21:20:09+05:30,e69326fa-f75f-53d1-915f-cd743d715fa5,deposit,DEBIT,CARD,3211.50,CARD/DE/TOIT/Bangalore dining,212403.05,eating_out,friday_social,False,False,True,False
TXN_AARAV_20260320_1095,2026-03-20,2026-03-20T22:26:34+05:30,e69326fa-f75f-53d1-915f-cd743d715fa5,deposit,DEBIT,UPI,551.00,UPI/DE/SWIGGY/Bangalore dinner order,211852.05,food_delivery,dinner,False,False,True,False
TXN_AARAV_20260321_1096,2026-03-21,2026-03-21T10:11:02+05:30,e69326fa-f75f-53d1-915f-cd743d715fa5,deposit,DEBIT,UPI,2980.50,UPI/DE/BIGBASKET/Bangalore grocery,208871.55,groceries,weekly_grocery,False,False,False,True
TXN_AARAV_20260321_1097,2026-03-21,2026-03-21T20:59:40+05:30,e69326fa-f75f-53d1-915f-cd743d715fa5,deposit,DEBIT,CARD,1828.50,CARD/DE/TRUFFLES/Bangalore dining,207043.05,eating_out,weekend_dining,False,False,True,False
TXN_AARAV_20260322_1098,2026-03-22,2026-03-22T18:40:46+05:30,e69326fa-f75f-53d1-915f-cd743d715fa5,deposit,DEBIT,UPI,394.00,UPI/DE/BLUE TOKAI/Indiranagar coffee,206649.05,coffee,weekend_coffee,False,False,True,False
TXN_AARAV_20260322_1099,2026-03-22,2026-03-22T19:30:24+05:30,e69326fa-f75f-53d1-915f-cd743d715fa5,deposit,DEBIT,UPI,948.00,UPI/DE/BIGBASKET/Bangalore grocery,205701.05,groceries,grocery_topup,False,False,False,True
TXN_AARAV_20260322_1100,2026-03-22,2026-03-22T22:30:38+05:30,e69326fa-f75f-53d1-915f-cd743d715fa5,deposit,DEBIT,CARD,1671.00,CARD/DE/MTR/Bangalore dining,204030.05,eating_out,weekend_dining,False,False,True,False
TXN_AARAV_20260323_1101,2026-03-23,2026-03-23T09:08:44+05:30,e69326fa-f75f-53d1-915f-cd743d715fa5,deposit,DEBIT,UPI,221.00,UPI/DE/OLA/Bangalore trip,203809.05,commute,cab_to_work,False,False,True,False
TXN_AARAV_20260323_1102,2026-03-23,2026-03-23T10:28:05+05:30,e69326fa-f75f-53d1-915f-cd743d715fa5,deposit,CREDIT,UPI,1816.00,UPI/CR/PAYTM/REFUND ORDER CANCELLED,205625.05,refund,order_cancellation,False,False,False,False
TXN_AARAV_20260323_1103,2026-03-23,2026-03-23T10:58:36+05:30,e69326fa-f75f-53d1-915f-cd743d715fa5,deposit,DEBIT,UPI,213.00,UPI/DE/BLUE TOKAI/Bangalore coffee,205412.05,coffee,morning_coffee,False,False,True,False
TXN_AARAV_20260323_1104,2026-03-23,2026-03-23T18:33:00+05:30,e69326fa-f75f-53d1-915f-cd743d715fa5,deposit,DEBIT,UPI,280.00,UPI/DE/OLA/Bangalore trip,205132.05,commute,cab_from_work,False,False,True,False
TXN_AARAV_20260324_1105,2026-03-24,2026-03-24T08:31:40+05:30,e69326fa-f75f-53d1-915f-cd743d715fa5,deposit,DEBIT,CARD,78.00,CARD/DE/BMRCL METRO/Bangalore fare,205054.05,commute,metro,False,False,False,False
TXN_AARAV_20260324_1106,2026-03-24,2026-03-24T10:04:28+05:30,e69326fa-f75f-53d1-915f-cd743d715fa5,deposit,DEBIT,UPI,228.00,UPI/DE/CAFE COFFEE DAY/Bangalore coffee,204826.05,coffee,morning_coffee,False,False,True,False
TXN_AARAV_20260325_1107,2026-03-25,2026-03-25T09:44:58+05:30,e69326fa-f75f-53d1-915f-cd743d715fa5,deposit,DEBIT,CARD,57.00,CARD/DE/BMRCL METRO/Bangalore fare,204769.05,commute,metro,False,False,False,False
TXN_AARAV_20260325_1108,2026-03-25,2026-03-25T12:11:48+05:30,e69326fa-f75f-53d1-915f-cd743d715fa5,deposit,DEBIT,UPI,125.00,UPI/DE/CAFE COFFEE DAY/Bangalore coffee,204644.05,coffee,morning_coffee,False,False,True,False
TXN_AARAV_20260325_1109,2026-03-25,2026-03-25T13:42:14+05:30,e69326fa-f75f-53d1-915f-cd743d715fa5,deposit,DEBIT,UPI,433.00,UPI/DE/ZOMATO/Bangalore lunch,204211.05,food_delivery,lunch,False,False,True,False
TXN_AARAV_20260326_1110,2026-03-26,2026-03-26T12:36:20+05:30,e69326fa-f75f-53d1-915f-cd743d715fa5,deposit,DEBIT,UPI,209.00,UPI/DE/THIRD WAVE COFFEE/Bangalore coffee,204002.05,coffee,morning_coffee,False,False,True,False
TXN_AARAV_20260326_1111,2026-03-26,2026-03-26T21:48:19+05:30,e69326fa-f75f-53d1-915f-cd743d715fa5,deposit,DEBIT,UPI,618.00,UPI/DE/ZOMATO/Bangalore dinner order,203384.05,food_delivery,dinner,False,False,True,False
TXN_AARAV_20260326_1112,2026-03-26,2026-03-26T23:29:42+05:30,e69326fa-f75f-53d1-915f-cd743d715fa5,deposit,DEBIT,UPI,307.00,UPI/DE/ZOMATO/late night food,203077.05,food_delivery,late_night_food,False,False,True,False
TXN_AARAV_20260327_1113,2026-03-27,2026-03-27T09:27:20+05:30,e69326fa-f75f-53d1-915f-cd743d715fa5,deposit,DEBIT,UPI,175.00,UPI/DE/UBER/Bangalore trip,202902.05,commute,cab_to_work,False,False,True,False
TXN_AARAV_20260327_1114,2026-03-27,2026-03-27T20:16:59+05:30,e69326fa-f75f-53d1-915f-cd743d715fa5,deposit,DEBIT,UPI,250.00,UPI/DE/UBER/Bangalore trip,202652.05,commute,cab_from_work,False,False,True,False
TXN_AARAV_20260328_1115,2026-03-28,2026-03-28T11:02:30+05:30,e69326fa-f75f-53d1-915f-cd743d715fa5,deposit,CREDIT,FT,165000.00,FT/CR/ACME TECH SALARY/MAR26,367652.05,salary,monthly_salary,True,False,False,True
TXN_AARAV_20260328_1116,2026-03-28,2026-03-28T13:22:09+05:30,e69326fa-f75f-53d1-915f-cd743d715fa5,deposit,DEBIT,UPI,2412.80,UPI/DE/DMART/Bangalore grocery,365239.25,groceries,weekly_grocery,False,False,False,True
TXN_AARAV_20260328_1117,2026-03-28,2026-03-28T15:44:13+05:30,e69326fa-f75f-53d1-915f-cd743d715fa5,deposit,DEBIT,UPI,497.00,UPI/DE/BLUE TOKAI/Indiranagar coffee,364742.25,coffee,weekend_coffee,False,False,True,False
TXN_AARAV_20260328_1118,2026-03-28,2026-03-28T19:39:00+05:30,e69326fa-f75f-53d1-915f-cd743d715fa5,deposit,DEBIT,CARD,3146.00,CARD/DE/TRUFFLES/Bangalore dining,361596.25,eating_out,weekend_dining,False,False,True,False
TXN_AARAV_20260329_1119,2026-03-29,2026-03-29T17:15:51+05:30,e69326fa-f75f-53d1-915f-cd743d715fa5,deposit,DEBIT,UPI,1370.20,UPI/DE/BLINKIT/Bangalore grocery,360226.05,groceries,grocery_topup,False,False,False,True
TXN_AARAV_20260329_1120,2026-03-29,2026-03-29T21:39:16+05:30,e69326fa-f75f-53d1-915f-cd743d715fa5,deposit,DEBIT,FT,10000.00,FT/DE/INTERNAL/GOAL SAVINGS/EMERGENCY FUND,350226.05,goal_allocation,emergency_fund,False,False,False,True
TXN_AARAV_20260329_1121,2026-03-29,2026-03-29T21:53:20+05:30,e69326fa-f75f-53d1-915f-cd743d715fa5,deposit,DEBIT,CARD,2470.00,CARD/DE/EMPIRE RESTAURANT/Bangalore dining,347756.05,eating_out,weekend_dining,False,False,True,False
TXN_AARAV_20260329_1122,2026-03-29,2026-03-29T22:40:22+05:30,e69326fa-f75f-53d1-915f-cd743d715fa5,deposit,DEBIT,FT,8000.00,FT/DE/INTERNAL/GOAL SAVINGS/BALI VACATION,339756.05,goal_allocation,vacation_bali,False,False,False,True
TXN_AARAV_20260330_1123,2026-03-30,2026-03-30T09:16:28+05:30,e69326fa-f75f-53d1-915f-cd743d715fa5,deposit,DEBIT,CARD,32.00,CARD/DE/BMRCL METRO/Bangalore fare,339724.05,commute,metro,False,False,False,False
TXN_AARAV_20260330_1124,2026-03-30,2026-03-30T11:58:42+05:30,e69326fa-f75f-53d1-915f-cd743d715fa5,deposit,DEBIT,UPI,216.00,UPI/DE/BLUE TOKAI/Bangalore coffee,339508.05,coffee,morning_coffee,False,False,True,False
TXN_AARAV_20260330_1125,2026-03-30,2026-03-30T12:05:51+05:30,e69326fa-f75f-53d1-915f-cd743d715fa5,deposit,DEBIT,UPI,240.00,UPI/DE/SWIGGY/Bangalore lunch,339268.05,food_delivery,lunch,False,False,True,False
TXN_AARAV_20260330_1126,2026-03-30,2026-03-30T22:33:34+05:30,e69326fa-f75f-53d1-915f-cd743d715fa5,deposit,DEBIT,FT,6000.00,FT/DE/INTERNAL/GOAL SAVINGS/NEW LAPTOP,333268.05,goal_allocation,laptop,False,False,False,True
TXN_AARAV_20260331_1127,2026-03-31,2026-03-31T09:27:41+05:30,e69326fa-f75f-53d1-915f-cd743d715fa5,deposit,DEBIT,UPI,184.00,UPI/DE/RAPIDO/Bangalore trip,333084.05,commute,cab_to_work,False,False,True,False
TXN_AARAV_20260331_1128,2026-03-31,2026-03-31T12:18:03+05:30,e69326fa-f75f-53d1-915f-cd743d715fa5,deposit,DEBIT,UPI,275.00,UPI/DE/ZOMATO/Bangalore lunch,332809.05,food_delivery,lunch,False,False,True,False
TXN_AARAV_20260331_1129,2026-03-31,2026-03-31T18:45:54+05:30,e69326fa-f75f-53d1-915f-cd743d715fa5,deposit,DEBIT,UPI,318.00,UPI/DE/RAPIDO/Bangalore trip,332491.05,commute,cab_from_work,False,False,True,False
TXN_AARAV_20260401_1130,2026-04-01,2026-04-01T09:29:58+05:30,e69326fa-f75f-53d1-915f-cd743d715fa5,deposit,DEBIT,CARD,79.00,CARD/DE/BMRCL METRO/Bangalore fare,332412.05,commute,metro,False,False,False,False
TXN_AARAV_20260401_1131,2026-04-01,2026-04-01T12:27:06+05:30,e69326fa-f75f-53d1-915f-cd743d715fa5,deposit,DEBIT,UPI,127.00,UPI/DE/BLUE TOKAI/Bangalore coffee,332285.05,coffee,morning_coffee,False,False,True,False
TXN_AARAV_20260401_1132,2026-04-01,2026-04-01T16:45:06+05:30,e69326fa-f75f-53d1-915f-cd743d715fa5,deposit,DEBIT,ATM,5000.00,ATM/DE/HDFC ATM BANGALORE/CASH WITHDRAWAL,327285.05,cash_withdrawal,atm,False,False,False,False
TXN_AARAV_20260402_1133,2026-04-02,2026-04-02T08:51:59+05:30,e69326fa-f75f-53d1-915f-cd743d715fa5,deposit,DEBIT,CARD,40.00,CARD/DE/BMRCL METRO/Bangalore fare,327245.05,commute,metro,False,False,False,False
TXN_AARAV_20260402_1134,2026-04-02,2026-04-02T12:20:50+05:30,e69326fa-f75f-53d1-915f-cd743d715fa5,deposit,DEBIT,UPI,146.00,UPI/DE/BLUE TOKAI/Bangalore coffee,327099.05,coffee,morning_coffee,False,False,True,False
TXN_AARAV_20260402_1135,2026-04-02,2026-04-02T20:45:20+05:30,e69326fa-f75f-53d1-915f-cd743d715fa5,deposit,DEBIT,UPI,280.00,UPI/DE/ZOMATO/Bangalore dinner order,326819.05,food_delivery,dinner,False,False,True,False
TXN_AARAV_20260403_1136,2026-04-03,2026-04-03T10:59:10+05:30,e69326fa-f75f-53d1-915f-cd743d715fa5,deposit,DEBIT,UPI,297.00,UPI/DE/OLA/Bangalore trip,326522.05,commute,cab_to_work,False,False,True,False
TXN_AARAV_20260403_1137,2026-04-03,2026-04-03T18:03:53+05:30,e69326fa-f75f-53d1-915f-cd743d715fa5,deposit,DEBIT,UPI,236.00,UPI/DE/OLA/Bangalore trip,326286.05,commute,cab_from_work,False,False,True,False
TXN_AARAV_20260403_1138,2026-04-03,2026-04-03T21:51:51+05:30,e69326fa-f75f-53d1-915f-cd743d715fa5,deposit,DEBIT,UPI,487.00,UPI/DE/SWIGGY/Bangalore dinner order,325799.05,food_delivery,dinner,False,False,True,False
TXN_AARAV_20260403_1139,2026-04-03,2026-04-03T21:52:21+05:30,e69326fa-f75f-53d1-915f-cd743d715fa5,deposit,DEBIT,CARD,1433.90,CARD/DE/BYG BREWSKI/Bangalore dining,324365.15,eating_out,friday_social,False,False,True,False
TXN_AARAV_20260404_1140,2026-04-04,2026-04-04T10:52:23+05:30,e69326fa-f75f-53d1-915f-cd743d715fa5,deposit,DEBIT,UPI,3967.60,UPI/DE/BLINKIT/Bangalore grocery,320397.55,groceries,weekly_grocery,False,False,False,True
TXN_AARAV_20260404_1141,2026-04-04,2026-04-04T14:44:21+05:30,e69326fa-f75f-53d1-915f-cd743d715fa5,deposit,DEBIT,CARD,6160.70,CARD/DE/H&M/shopping,314236.85,fashion,impulse_shopping,False,False,True,False
TXN_AARAV_20260404_1142,2026-04-04,2026-04-04T21:52:34+05:30,e69326fa-f75f-53d1-915f-cd743d715fa5,deposit,DEBIT,CARD,2468.70,CARD/DE/EMPIRE RESTAURANT/Bangalore dining,311768.15,eating_out,weekend_dining,False,False,True,False
TXN_AARAV_20260405_1143,2026-04-05,2026-04-05T10:15:00+05:30,e69326fa-f75f-53d1-915f-cd743d715fa5,deposit,DEBIT,UPI,42000.00,UPI/DE/RENT TO LANDLORD/APR26,269768.15,rent,monthly_rent,False,True,False,True
TXN_AARAV_20260405_1144,2026-04-05,2026-04-05T13:50:16+05:30,e69326fa-f75f-53d1-915f-cd743d715fa5,deposit,DEBIT,UPI,611.00,UPI/DE/ZOMATO/Bangalore lunch order,269157.15,food_delivery,lunch,False,False,True,False
TXN_AARAV_20260405_1145,2026-04-05,2026-04-05T14:49:38+05:30,e69326fa-f75f-53d1-915f-cd743d715fa5,deposit,DEBIT,ATM,10000.00,ATM/DE/HDFC ATM BANGALORE/CASH WITHDRAWAL,259157.15,cash_withdrawal,atm,False,False,False,False
TXN_AARAV_20260405_1146,2026-04-05,2026-04-05T17:34:44+05:30,e69326fa-f75f-53d1-915f-cd743d715fa5,deposit,DEBIT,UPI,318.00,UPI/DE/STARBUCKS/Indiranagar coffee,258839.15,coffee,weekend_coffee,False,False,True,False
TXN_AARAV_20260405_1147,2026-04-05,2026-04-05T19:33:29+05:30,e69326fa-f75f-53d1-915f-cd743d715fa5,deposit,DEBIT,UPI,1470.30,UPI/DE/BIGBASKET/Bangalore grocery,257368.85,groceries,grocery_topup,False,False,False,True
TXN_AARAV_20260405_1148,2026-04-05,2026-04-05T22:22:56+05:30,e69326fa-f75f-53d1-915f-cd743d715fa5,deposit,DEBIT,CARD,2601.30,CARD/DE/EMPIRE RESTAURANT/Bangalore dining,254767.55,eating_out,weekend_dining,False,False,True,False
TXN_AARAV_20260406_1149,2026-04-06,2026-04-06T09:07:01+05:30,e69326fa-f75f-53d1-915f-cd743d715fa5,deposit,DEBIT,CARD,78.00,CARD/DE/BMRCL METRO/Bangalore fare,254689.55,commute,metro,False,False,False,False
TXN_AARAV_20260406_1150,2026-04-06,2026-04-06T12:26:58+05:30,e69326fa-f75f-53d1-915f-cd743d715fa5,deposit,DEBIT,FT,10000.00,NACH/DE/SIP MUTUAL FUND/HDFC BLUECHIP FUND/APR26,244689.55,sip,mutual_fund_sip,False,True,False,True
TXN_AARAV_20260406_1151,2026-04-06,2026-04-06T13:40:58+05:30,e69326fa-f75f-53d1-915f-cd743d715fa5,deposit,DEBIT,UPI,216.00,UPI/DE/SWIGGY/Bangalore lunch,244473.55,food_delivery,lunch,False,False,True,False
TXN_AARAV_20260406_1152,2026-04-06,2026-04-06T17:05:18+05:30,e69326fa-f75f-53d1-915f-cd743d715fa5,deposit,DEBIT,CARD,3445.00,CARD/DE/WORK TRAVEL CAB/CLIENT VISIT,241028.55,work_expense,client_visit,False,False,False,False
TXN_AARAV_20260407_1153,2026-04-07,2026-04-07T08:16:31+05:30,e69326fa-f75f-53d1-915f-cd743d715fa5,deposit,DEBIT,CARD,32.00,CARD/DE/BMRCL METRO/Bangalore fare,240996.55,commute,metro,False,False,False,False
TXN_AARAV_20260407_1154,2026-04-07,2026-04-07T12:31:33+05:30,e69326fa-f75f-53d1-915f-cd743d715fa5,deposit,DEBIT,UPI,383.00,UPI/DE/SWIGGY/Bangalore lunch,240613.55,food_delivery,lunch,False,False,True,False
TXN_AARAV_20260407_1155,2026-04-07,2026-04-07T20:44:37+05:30,e69326fa-f75f-53d1-915f-cd743d715fa5,deposit,DEBIT,UPI,529.00,UPI/DE/SWIGGY/Bangalore dinner order,240084.55,food_delivery,dinner,False,False,True,False
TXN_AARAV_20260408_1156,2026-04-08,2026-04-08T10:54:35+05:30,e69326fa-f75f-53d1-915f-cd743d715fa5,deposit,DEBIT,UPI,152.00,UPI/DE/RAPIDO/Bangalore trip,239932.55,commute,cab_to_work,False,False,True,False
TXN_AARAV_20260408_1157,2026-04-08,2026-04-08T11:59:55+05:30,e69326fa-f75f-53d1-915f-cd743d715fa5,deposit,DEBIT,UPI,239.00,UPI/DE/THIRD WAVE COFFEE/Bangalore coffee,239693.55,coffee,morning_coffee,False,False,True,False
TXN_AARAV_20260408_1158,2026-04-08,2026-04-08T18:48:03+05:30,e69326fa-f75f-53d1-915f-cd743d715fa5,deposit,DEBIT,UPI,211.00,UPI/DE/RAPIDO/Bangalore trip,239482.55,commute,cab_from_work,False,False,True,False
TXN_AARAV_20260408_1159,2026-04-08,2026-04-08T20:57:55+05:30,e69326fa-f75f-53d1-915f-cd743d715fa5,deposit,DEBIT,UPI,441.00,UPI/DE/SWIGGY/Bangalore dinner order,239041.55,food_delivery,dinner,False,False,True,False
TXN_AARAV_20260409_1160,2026-04-09,2026-04-09T09:47:35+05:30,e69326fa-f75f-53d1-915f-cd743d715fa5,deposit,DEBIT,CARD,55.00,CARD/DE/BMRCL METRO/Bangalore fare,238986.55,commute,metro,False,False,False,False
TXN_AARAV_20260409_1161,2026-04-09,2026-04-09T13:22:37+05:30,e69326fa-f75f-53d1-915f-cd743d715fa5,deposit,DEBIT,UPI,347.00,UPI/DE/OFFICE CANTEEN/Bangalore lunch,238639.55,food_delivery,lunch,False,False,True,False
TXN_AARAV_20260410_1162,2026-04-10,2026-04-10T09:09:29+05:30,e69326fa-f75f-53d1-915f-cd743d715fa5,deposit,DEBIT,UPI,328.00,UPI/DE/UBER/Bangalore trip,238311.55,commute,cab_to_work,False,False,True,False
TXN_AARAV_20260410_1163,2026-04-10,2026-04-10T12:27:30+05:30,e69326fa-f75f-53d1-915f-cd743d715fa5,deposit,DEBIT,ATM,5000.00,ATM/DE/HDFC ATM BANGALORE/CASH WITHDRAWAL,233311.55,cash_withdrawal,atm,False,False,False,False
TXN_AARAV_20260410_1164,2026-04-10,2026-04-10T12:35:54+05:30,e69326fa-f75f-53d1-915f-cd743d715fa5,deposit,DEBIT,FT,5000.00,NACH/DE/SIP MUTUAL FUND/AXIS MIDCAP FUND/APR26,228311.55,sip,mutual_fund_sip,False,True,False,True
TXN_AARAV_20260410_1165,2026-04-10,2026-04-10T18:41:06+05:30,e69326fa-f75f-53d1-915f-cd743d715fa5,deposit,DEBIT,UPI,390.00,UPI/DE/UBER/Bangalore trip,227921.55,commute,cab_from_work,False,False,True,False
TXN_AARAV_20260410_1166,2026-04-10,2026-04-10T20:14:50+05:30,e69326fa-f75f-53d1-915f-cd743d715fa5,deposit,DEBIT,CARD,1383.00,CARD/DE/BIERE CLUB/Bangalore dining,226538.55,eating_out,friday_social,False,False,True,False
TXN_AARAV_20260411_1167,2026-04-11,2026-04-11T11:10:27+05:30,e69326fa-f75f-53d1-915f-cd743d715fa5,deposit,DEBIT,UPI,3340.00,UPI/DE/DMART/Bangalore grocery,223198.55,groceries,weekly_grocery,False,False,False,True
TXN_AARAV_20260411_1168,2026-04-11,2026-04-11T17:42:19+05:30,e69326fa-f75f-53d1-915f-cd743d715fa5,deposit,DEBIT,CARD,4658.00,CARD/DE/H&M/shopping,218540.55,fashion,impulse_shopping,False,False,True,False
TXN_AARAV_20260411_1169,2026-04-11,2026-04-11T19:59:06+05:30,e69326fa-f75f-53d1-915f-cd743d715fa5,deposit,DEBIT,CARD,1050.00,CARD/DE/TOIT/Bangalore dining,217490.55,eating_out,weekend_dining,False,False,True,False
TXN_AARAV_20260412_1170,2026-04-12,2026-04-12T00:13:18+05:30,e69326fa-f75f-53d1-915f-cd743d715fa5,deposit,DEBIT,CARD,649.00,CARD/DE/RECURRING/NETFLIX/SUBSCRIPTION,216841.55,subscription,netflix,False,True,False,True
TXN_AARAV_20260412_1171,2026-04-12,2026-04-12T12:44:25+05:30,e69326fa-f75f-53d1-915f-cd743d715fa5,deposit,DEBIT,UPI,602.00,UPI/DE/ZOMATO/Bangalore lunch order,216239.55,food_delivery,lunch,False,False,True,False
TXN_AARAV_20260412_1172,2026-04-12,2026-04-12T15:22:33+05:30,e69326fa-f75f-53d1-915f-cd743d715fa5,deposit,DEBIT,UPI,465.00,UPI/DE/THIRD WAVE COFFEE/Indiranagar coffee,215774.55,coffee,weekend_coffee,False,False,True,False
TXN_AARAV_20260412_1173,2026-04-12,2026-04-12T17:10:59+05:30,e69326fa-f75f-53d1-915f-cd743d715fa5,deposit,DEBIT,UPI,1320.00,UPI/DE/BESCOM/ELECTRICITY BILL/APR26,214454.55,utility,electricity,False,True,False,True
TXN_AARAV_20260412_1174,2026-04-12,2026-04-12T19:40:21+05:30,e69326fa-f75f-53d1-915f-cd743d715fa5,deposit,DEBIT,CARD,2149.00,CARD/DE/MEGHANA FOODS/Bangalore dining,212305.55,eating_out,weekend_dining,False,False,True,False
TXN_AARAV_20260412_1175,2026-04-12,2026-04-12T20:04:08+05:30,e69326fa-f75f-53d1-915f-cd743d715fa5,deposit,DEBIT,UPI,463.00,UPI/DE/BIGBASKET/Bangalore grocery,211842.55,groceries,grocery_topup,False,False,False,True
TXN_AARAV_20260413_1176,2026-04-13,2026-04-13T09:15:27+05:30,e69326fa-f75f-53d1-915f-cd743d715fa5,deposit,DEBIT,UPI,260.00,UPI/DE/UBER/Bangalore trip,211582.55,commute,cab_to_work,False,False,True,False
TXN_AARAV_20260413_1177,2026-04-13,2026-04-13T10:11:57+05:30,e69326fa-f75f-53d1-915f-cd743d715fa5,deposit,DEBIT,UPI,276.00,UPI/DE/THIRD WAVE COFFEE/Bangalore coffee,211306.55,coffee,morning_coffee,False,False,True,False
TXN_AARAV_20260413_1178,2026-04-13,2026-04-13T14:26:19+05:30,e69326fa-f75f-53d1-915f-cd743d715fa5,deposit,DEBIT,UPI,437.00,UPI/DE/ZOMATO/Bangalore lunch,210869.55,food_delivery,lunch,False,False,True,False
TXN_AARAV_20260413_1179,2026-04-13,2026-04-13T21:05:30+05:30,e69326fa-f75f-53d1-915f-cd743d715fa5,deposit,DEBIT,UPI,354.00,UPI/DE/SWIGGY/Bangalore dinner order,210515.55,food_delivery,dinner,False,False,True,False
TXN_AARAV_20260413_1180,2026-04-13,2026-04-13T21:06:53+05:30,e69326fa-f75f-53d1-915f-cd743d715fa5,deposit,DEBIT,UPI,275.00,UPI/DE/UBER/Bangalore trip,210240.55,commute,cab_from_work,False,False,True,False
TXN_AARAV_20260414_1181,2026-04-14,2026-04-14T00:31:17+05:30,e69326fa-f75f-53d1-915f-cd743d715fa5,deposit,DEBIT,CARD,119.00,CARD/DE/RECURRING/SPOTIFY/SUBSCRIPTION,210121.55,subscription,spotify,False,True,False,True
TXN_AARAV_20260414_1182,2026-04-14,2026-04-14T01:16:08+05:30,e69326fa-f75f-53d1-915f-cd743d715fa5,deposit,DEBIT,CARD,75.00,CARD/DE/RECURRING/ICLOUD/SUBSCRIPTION,210046.55,subscription,icloud,False,True,False,True
TXN_AARAV_20260414_1183,2026-04-14,2026-04-14T09:31:09+05:30,e69326fa-f75f-53d1-915f-cd743d715fa5,deposit,DEBIT,CARD,78.00,CARD/DE/BMRCL METRO/Bangalore fare,209968.55,commute,metro,False,False,False,False
TXN_AARAV_20260414_1184,2026-04-14,2026-04-14T12:23:01+05:30,e69326fa-f75f-53d1-915f-cd743d715fa5,deposit,DEBIT,UPI,238.00,UPI/DE/STARBUCKS/Bangalore coffee,209730.55,coffee,morning_coffee,False,False,True,False
TXN_AARAV_20260414_1185,2026-04-14,2026-04-14T23:02:01+05:30,e69326fa-f75f-53d1-915f-cd743d715fa5,deposit,DEBIT,UPI,482.00,UPI/DE/ZOMATO/late night food,209248.55,food_delivery,late_night_food,False,False,True,False
TXN_AARAV_20260415_1186,2026-04-15,2026-04-15T12:04:10+05:30,e69326fa-f75f-53d1-915f-cd743d715fa5,deposit,DEBIT,FT,999.00,FT/DE/ACT FIBERNET/BROADBAND BILL/APR26,208249.55,utility,broadband,False,True,False,True
TXN_AARAV_20260415_1187,2026-04-15,2026-04-15T12:47:18+05:30,e69326fa-f75f-53d1-915f-cd743d715fa5,deposit,DEBIT,UPI,197.00,UPI/DE/STARBUCKS/Bangalore coffee,208052.55,coffee,morning_coffee,False,False,True,False
TXN_AARAV_20260415_1188,2026-04-15,2026-04-15T14:36:00+05:30,e69326fa-f75f-53d1-915f-cd743d715fa5,deposit,DEBIT,UPI,282.00,UPI/DE/SWIGGY/Bangalore lunch,207770.55,food_delivery,lunch,False,False,True,False
TXN_AARAV_20260416_1189,2026-04-16,2026-04-16T09:19:51+05:30,e69326fa-f75f-53d1-915f-cd743d715fa5,deposit,DEBIT,UPI,316.00,UPI/DE/UBER/Bangalore trip,207454.55,commute,cab_to_work,False,False,True,False
TXN_AARAV_20260416_1190,2026-04-16,2026-04-16T10:55:21+05:30,e69326fa-f75f-53d1-915f-cd743d715fa5,deposit,DEBIT,UPI,232.00,UPI/DE/CAFE COFFEE DAY/Bangalore coffee,207222.55,coffee,morning_coffee,False,False,True,False
TXN_AARAV_20260416_1191,2026-04-16,2026-04-16T14:42:49+05:30,e69326fa-f75f-53d1-915f-cd743d715fa5,deposit,CREDIT,UPI,3445.00,UPI/CR/WORK REIMBURSEMENT/APR26,210667.55,work_reimbursement,client_visit,False,False,False,False
TXN_AARAV_20260416_1192,2026-04-16,2026-04-16T18:14:57+05:30,e69326fa-f75f-53d1-915f-cd743d715fa5,deposit,DEBIT,UPI,335.00,UPI/DE/UBER/Bangalore trip,210332.55,commute,cab_from_work,False,False,True,False
TXN_AARAV_20260417_1193,2026-04-17,2026-04-17T12:21:36+05:30,e69326fa-f75f-53d1-915f-cd743d715fa5,deposit,DEBIT,UPI,348.00,UPI/DE/SWIGGY/Bangalore lunch,209984.55,food_delivery,lunch,False,False,True,False
TXN_AARAV_20260417_1194,2026-04-17,2026-04-17T20:23:47+05:30,e69326fa-f75f-53d1-915f-cd743d715fa5,deposit,DEBIT,CARD,2033.00,CARD/DE/TOIT/Bangalore dining,207951.55,eating_out,friday_social,False,False,True,False
TXN_AARAV_20260418_1195,2026-04-18,2026-04-18T12:48:17+05:30,e69326fa-f75f-53d1-915f-cd743d715fa5,deposit,DEBIT,UPI,599.00,UPI/DE/JIO/MOBILE BILL/APR26,207352.55,utility,mobile,False,True,False,True
TXN_AARAV_20260418_1196,2026-04-18,2026-04-18T13:59:28+05:30,e69326fa-f75f-53d1-915f-cd743d715fa5,deposit,DEBIT,UPI,3445.00,UPI/DE/DMART/Bangalore grocery,203907.55,groceries,weekly_grocery,False,False,False,True
TXN_AARAV_20260418_1197,2026-04-18,2026-04-18T16:22:59+05:30,e69326fa-f75f-53d1-915f-cd743d715fa5,deposit,DEBIT,UPI,458.00,UPI/DE/CAFE COFFEE DAY/Indiranagar coffee,203449.55,coffee,weekend_coffee,False,False,True,False
TXN_AARAV_20260418_1198,2026-04-18,2026-04-18T20:04:25+05:30,e69326fa-f75f-53d1-915f-cd743d715fa5,deposit,DEBIT,CARD,1186.00,CARD/DE/MTR/Bangalore dining,202263.55,eating_out,weekend_dining,False,False,True,False
TXN_AARAV_20260419_1199,2026-04-19,2026-04-19T12:32:11+05:30,e69326fa-f75f-53d1-915f-cd743d715fa5,deposit,DEBIT,UPI,514.00,UPI/DE/SWIGGY/Bangalore lunch order,201749.55,food_delivery,lunch,False,False,True,False
TXN_AARAV_20260419_1200,2026-04-19,2026-04-19T18:01:41+05:30,e69326fa-f75f-53d1-915f-cd743d715fa5,deposit,DEBIT,UPI,227.00,UPI/DE/CAFE COFFEE DAY/Indiranagar coffee,201522.55,coffee,weekend_coffee,False,False,True,False
TXN_AARAV_20260419_1201,2026-04-19,2026-04-19T19:08:56+05:30,e69326fa-f75f-53d1-915f-cd743d715fa5,deposit,DEBIT,CARD,843.60,CARD/DE/MEGHANA FOODS/Bangalore dining,200678.95,eating_out,weekend_dining,False,False,True,False
TXN_AARAV_20260420_1202,2026-04-20,2026-04-20T04:51:16+05:30,e69326fa-f75f-53d1-915f-cd743d715fa5,deposit,DEBIT,CARD,179.00,CARD/DE/RECURRING/AMAZON PRIME/SUBSCRIPTION,200499.95,subscription,amazon_prime,False,True,False,True
TXN_AARAV_20260420_1203,2026-04-20,2026-04-20T10:39:27+05:30,e69326fa-f75f-53d1-915f-cd743d715fa5,deposit,DEBIT,UPI,151.00,UPI/DE/OLA/Bangalore trip,200348.95,commute,cab_to_work,False,False,True,False
TXN_AARAV_20260420_1204,2026-04-20,2026-04-20T12:29:26+05:30,e69326fa-f75f-53d1-915f-cd743d715fa5,deposit,DEBIT,UPI,155.00,UPI/DE/CAFE COFFEE DAY/Bangalore coffee,200193.95,coffee,morning_coffee,False,False,True,False
TXN_AARAV_20260420_1205,2026-04-20,2026-04-20T14:49:06+05:30,e69326fa-f75f-53d1-915f-cd743d715fa5,deposit,DEBIT,UPI,237.00,UPI/DE/SWIGGY/Bangalore lunch,199956.95,food_delivery,lunch,False,False,True,False
TXN_AARAV_20260420_1206,2026-04-20,2026-04-20T20:32:31+05:30,e69326fa-f75f-53d1-915f-cd743d715fa5,deposit,DEBIT,UPI,395.00,UPI/DE/OLA/Bangalore trip,199561.95,commute,cab_from_work,False,False,True,False
TXN_AARAV_20260420_1207,2026-04-20,2026-04-20T23:30:41+05:30,e69326fa-f75f-53d1-915f-cd743d715fa5,deposit,DEBIT,UPI,349.00,UPI/DE/ZOMATO/late night food,199212.95,food_delivery,late_night_food,False,False,True,False
TXN_AARAV_20260421_1208,2026-04-21,2026-04-21T08:50:44+05:30,e69326fa-f75f-53d1-915f-cd743d715fa5,deposit,DEBIT,CARD,58.00,CARD/DE/BMRCL METRO/Bangalore fare,199154.95,commute,metro,False,False,False,False
TXN_AARAV_20260421_1209,2026-04-21,2026-04-21T13:36:26+05:30,e69326fa-f75f-53d1-915f-cd743d715fa5,deposit,DEBIT,UPI,330.00,UPI/DE/ZOMATO/Bangalore lunch,198824.95,food_delivery,lunch,False,False,True,False
TXN_AARAV_20260422_1210,2026-04-22,2026-04-22T10:30:17+05:30,e69326fa-f75f-53d1-915f-cd743d715fa5,deposit,DEBIT,UPI,240.00,UPI/DE/RAPIDO/Bangalore trip,198584.95,commute,cab_to_work,False,False,True,False
TXN_AARAV_20260422_1211,2026-04-22,2026-04-22T10:36:37+05:30,e69326fa-f75f-53d1-915f-cd743d715fa5,deposit,DEBIT,UPI,191.00,UPI/DE/CAFE COFFEE DAY/Bangalore coffee,198393.95,coffee,morning_coffee,False,False,True,False
TXN_AARAV_20260422_1212,2026-04-22,2026-04-22T12:05:57+05:30,e69326fa-f75f-53d1-915f-cd743d715fa5,deposit,DEBIT,UPI,207.00,UPI/DE/ZOMATO/Bangalore lunch,198186.95,food_delivery,lunch,False,False,True,False
TXN_AARAV_20260422_1213,2026-04-22,2026-04-22T20:42:43+05:30,e69326fa-f75f-53d1-915f-cd743d715fa5,deposit,DEBIT,UPI,204.00,UPI/DE/RAPIDO/Bangalore trip,197982.95,commute,cab_from_work,False,False,True,False
TXN_AARAV_20260423_1214,2026-04-23,2026-04-23T08:50:34+05:30,e69326fa-f75f-53d1-915f-cd743d715fa5,deposit,DEBIT,CARD,31.00,CARD/DE/BMRCL METRO/Bangalore fare,197951.95,commute,metro,False,False,False,False
TXN_AARAV_20260423_1215,2026-04-23,2026-04-23T11:36:23+05:30,e69326fa-f75f-53d1-915f-cd743d715fa5,deposit,CREDIT,UPI,15191.00,UPI/CR/FREELANCE CLIENT/CONSULTING/APR26,213142.95,freelance_income,consulting,True,False,False,False
TXN_AARAV_20260423_1216,2026-04-23,2026-04-23T12:05:34+05:30,e69326fa-f75f-53d1-915f-cd743d715fa5,deposit,DEBIT,UPI,247.00,UPI/DE/STARBUCKS/Bangalore coffee,212895.95,coffee,morning_coffee,False,False,True,False
TXN_AARAV_20260423_1217,2026-04-23,2026-04-23T14:41:23+05:30,e69326fa-f75f-53d1-915f-cd743d715fa5,deposit,DEBIT,UPI,290.00,UPI/DE/SWIGGY/Bangalore lunch,212605.95,food_delivery,lunch,False,False,True,False
TXN_AARAV_20260424_1218,2026-04-24,2026-04-24T08:55:05+05:30,e69326fa-f75f-53d1-915f-cd743d715fa5,deposit,DEBIT,CARD,70.00,CARD/DE/BMRCL METRO/Bangalore fare,212535.95,commute,metro,False,False,False,False
TXN_AARAV_20260424_1219,2026-04-24,2026-04-24T12:02:59+05:30,e69326fa-f75f-53d1-915f-cd743d715fa5,deposit,DEBIT,UPI,251.00,UPI/DE/CAFE COFFEE DAY/Bangalore coffee,212284.95,coffee,morning_coffee,False,False,True,False
TXN_AARAV_20260424_1220,2026-04-24,2026-04-24T13:54:38+05:30,e69326fa-f75f-53d1-915f-cd743d715fa5,deposit,DEBIT,UPI,424.00,UPI/DE/ZOMATO/Bangalore lunch,211860.95,food_delivery,lunch,False,False,True,False
TXN_AARAV_20260424_1221,2026-04-24,2026-04-24T19:09:37+05:30,e69326fa-f75f-53d1-915f-cd743d715fa5,deposit,DEBIT,UPI,454.00,UPI/DE/ZOMATO/Bangalore dinner order,211406.95,food_delivery,dinner,False,False,True,False
TXN_AARAV_20260424_1222,2026-04-24,2026-04-24T21:03:02+05:30,e69326fa-f75f-53d1-915f-cd743d715fa5,deposit,DEBIT,CARD,752.50,CARD/DE/TOIT/Bangalore dining,210654.45,eating_out,friday_social,False,False,True,False
TXN_AARAV_20260425_1223,2026-04-25,2026-04-25T13:10:58+05:30,e69326fa-f75f-53d1-915f-cd743d715fa5,deposit,DEBIT,UPI,1484.00,UPI/DE/MORE SUPERMARKET/Bangalore grocery,209170.45,groceries,weekly_grocery,False,False,False,True
TXN_AARAV_20260425_1224,2026-04-25,2026-04-25T17:06:27+05:30,e69326fa-f75f-53d1-915f-cd743d715fa5,deposit,DEBIT,UPI,283.00,UPI/DE/CAFE COFFEE DAY/Indiranagar coffee,208887.45,coffee,weekend_coffee,False,False,True,False
TXN_AARAV_20260425_1225,2026-04-25,2026-04-25T20:16:18+05:30,e69326fa-f75f-53d1-915f-cd743d715fa5,deposit,DEBIT,CARD,1323.00,CARD/DE/MEGHANA FOODS/Bangalore dining,207564.45,eating_out,weekend_dining,False,False,True,False
TXN_AARAV_20260426_1226,2026-04-26,2026-04-26T13:58:33+05:30,e69326fa-f75f-53d1-915f-cd743d715fa5,deposit,DEBIT,UPI,626.00,UPI/DE/ZOMATO/Bangalore lunch order,206938.45,food_delivery,lunch,False,False,True,False
TXN_AARAV_20260426_1227,2026-04-26,2026-04-26T17:53:13+05:30,e69326fa-f75f-53d1-915f-cd743d715fa5,deposit,DEBIT,UPI,476.00,UPI/DE/BLUE TOKAI/Indiranagar coffee,206462.45,coffee,weekend_coffee,False,False,True,False
TXN_AARAV_20260426_1228,2026-04-26,2026-04-26T20:11:29+05:30,e69326fa-f75f-53d1-915f-cd743d715fa5,deposit,DEBIT,CARD,2157.00,CARD/DE/MEGHANA FOODS/Bangalore dining,204305.45,eating_out,weekend_dining,False,False,True,False
TXN_AARAV_20260427_1229,2026-04-27,2026-04-27T08:55:37+05:30,e69326fa-f75f-53d1-915f-cd743d715fa5,deposit,DEBIT,CARD,35.00,CARD/DE/BMRCL METRO/Bangalore fare,204270.45,commute,metro,False,False,False,False
TXN_AARAV_20260427_1230,2026-04-27,2026-04-27T12:55:17+05:30,e69326fa-f75f-53d1-915f-cd743d715fa5,deposit,DEBIT,UPI,312.00,UPI/DE/OFFICE CANTEEN/Bangalore lunch,203958.45,food_delivery,lunch,False,False,True,False
TXN_AARAV_20260428_1231,2026-04-28,2026-04-28T09:32:14+05:30,e69326fa-f75f-53d1-915f-cd743d715fa5,deposit,DEBIT,UPI,332.00,UPI/DE/RAPIDO/Bangalore trip,203626.45,commute,cab_to_work,False,False,True,False
TXN_AARAV_20260428_1232,2026-04-28,2026-04-28T10:05:47+05:30,e69326fa-f75f-53d1-915f-cd743d715fa5,deposit,CREDIT,FT,165000.00,FT/CR/ACME TECH SALARY/APR26,368626.45,salary,monthly_salary,True,False,False,True
TXN_AARAV_20260428_1233,2026-04-28,2026-04-28T20:38:22+05:30,e69326fa-f75f-53d1-915f-cd743d715fa5,deposit,DEBIT,UPI,430.00,UPI/DE/SWIGGY/Bangalore dinner order,368196.45,food_delivery,dinner,False,False,True,False
TXN_AARAV_20260428_1234,2026-04-28,2026-04-28T21:38:43+05:30,e69326fa-f75f-53d1-915f-cd743d715fa5,deposit,DEBIT,UPI,365.00,UPI/DE/RAPIDO/Bangalore trip,367831.45,commute,cab_from_work,False,False,True,False
TXN_AARAV_20260429_1235,2026-04-29,2026-04-29T09:40:42+05:30,e69326fa-f75f-53d1-915f-cd743d715fa5,deposit,DEBIT,CARD,79.00,CARD/DE/BMRCL METRO/Bangalore fare,367752.45,commute,metro,False,False,False,False
TXN_AARAV_20260429_1236,2026-04-29,2026-04-29T16:05:44+05:30,e69326fa-f75f-53d1-915f-cd743d715fa5,deposit,DEBIT,UPI,530.00,UPI/DE/FLIPKART/Bangalore household,367222.45,household,household_items,False,False,True,False
TXN_AARAV_20260429_1237,2026-04-29,2026-04-29T19:52:10+05:30,e69326fa-f75f-53d1-915f-cd743d715fa5,deposit,DEBIT,FT,8000.00,FT/DE/INTERNAL/GOAL SAVINGS/BALI VACATION,359222.45,goal_allocation,vacation_bali,False,False,False,True
TXN_AARAV_20260429_1238,2026-04-29,2026-04-29T22:11:41+05:30,e69326fa-f75f-53d1-915f-cd743d715fa5,deposit,DEBIT,FT,10000.00,FT/DE/INTERNAL/GOAL SAVINGS/EMERGENCY FUND,349222.45,goal_allocation,emergency_fund,False,False,False,True
TXN_AARAV_20260430_1239,2026-04-30,2026-04-30T09:30:22+05:30,e69326fa-f75f-53d1-915f-cd743d715fa5,deposit,DEBIT,CARD,63.00,CARD/DE/BMRCL METRO/Bangalore fare,349159.45,commute,metro,False,False,False,False
TXN_AARAV_20260430_1240,2026-04-30,2026-04-30T12:06:17+05:30,e69326fa-f75f-53d1-915f-cd743d715fa5,deposit,DEBIT,UPI,159.00,UPI/DE/THIRD WAVE COFFEE/Bangalore coffee,349000.45,coffee,morning_coffee,False,False,True,False
TXN_AARAV_20260430_1241,2026-04-30,2026-04-30T22:42:08+05:30,e69326fa-f75f-53d1-915f-cd743d715fa5,deposit,DEBIT,FT,6000.00,FT/DE/INTERNAL/GOAL SAVINGS/NEW LAPTOP,343000.45,goal_allocation,laptop,False,False,False,True
TXN_AARAV_20260501_1242,2026-05-01,2026-05-01T13:51:41+05:30,e69326fa-f75f-53d1-915f-cd743d715fa5,deposit,DEBIT,UPI,446.00,UPI/DE/SWIGGY/Bangalore lunch,342554.45,food_delivery,lunch,False,False,True,False
TXN_AARAV_20260501_1243,2026-05-01,2026-05-01T21:58:38+05:30,e69326fa-f75f-53d1-915f-cd743d715fa5,deposit,DEBIT,CARD,1985.10,CARD/DE/TOIT/Bangalore dining,340569.35,eating_out,friday_social,False,False,True,False
TXN_AARAV_20260502_1244,2026-05-02,2026-05-02T11:07:02+05:30,e69326fa-f75f-53d1-915f-cd743d715fa5,deposit,DEBIT,UPI,2572.70,UPI/DE/ZEPTO/Bangalore grocery,337996.65,groceries,weekly_grocery,False,False,False,True
TXN_AARAV_20260502_1245,2026-05-02,2026-05-02T20:07:24+05:30,e69326fa-f75f-53d1-915f-cd743d715fa5,deposit,DEBIT,CARD,1912.30,CARD/DE/MEGHANA FOODS/Bangalore dining,336084.35,eating_out,weekend_dining,False,False,True,False
TXN_AARAV_20260503_1246,2026-05-03,2026-05-03T14:32:52+05:30,e69326fa-f75f-53d1-915f-cd743d715fa5,deposit,DEBIT,UPI,517.00,UPI/DE/ZOMATO/Bangalore lunch order,335567.35,food_delivery,lunch,False,False,True,False
TXN_AARAV_20260503_1247,2026-05-03,2026-05-03T19:23:18+05:30,e69326fa-f75f-53d1-915f-cd743d715fa5,deposit,DEBIT,UPI,639.60,UPI/DE/BIGBASKET/Bangalore grocery,334927.75,groceries,grocery_topup,False,False,False,True
TXN_AARAV_20260504_1248,2026-05-04,2026-05-04T10:13:33+05:30,e69326fa-f75f-53d1-915f-cd743d715fa5,deposit,DEBIT,UPI,323.00,UPI/DE/RAPIDO/Bangalore trip,334604.75,commute,cab_to_work,False,False,True,False
TXN_AARAV_20260504_1249,2026-05-04,2026-05-04T12:17:24+05:30,e69326fa-f75f-53d1-915f-cd743d715fa5,deposit,DEBIT,UPI,350.00,UPI/DE/ZOMATO/Bangalore lunch,334254.75,food_delivery,lunch,False,False,True,False
TXN_AARAV_20260504_1250,2026-05-04,2026-05-04T12:58:04+05:30,e69326fa-f75f-53d1-915f-cd743d715fa5,deposit,DEBIT,UPI,267.00,UPI/DE/STARBUCKS/Bangalore coffee,333987.75,coffee,morning_coffee,False,False,True,False
TXN_AARAV_20260504_1251,2026-05-04,2026-05-04T19:03:56+05:30,e69326fa-f75f-53d1-915f-cd743d715fa5,deposit,DEBIT,UPI,738.00,UPI/DE/AMAZON/Bangalore household,333249.75,household,household_items,False,False,True,False
TXN_AARAV_20260504_1252,2026-05-04,2026-05-04T19:14:44+05:30,e69326fa-f75f-53d1-915f-cd743d715fa5,deposit,DEBIT,UPI,373.00,UPI/DE/SWIGGY/Bangalore dinner order,332876.75,food_delivery,dinner,False,False,True,False
TXN_AARAV_20260504_1253,2026-05-04,2026-05-04T20:32:13+05:30,e69326fa-f75f-53d1-915f-cd743d715fa5,deposit,DEBIT,UPI,226.00,UPI/DE/RAPIDO/Bangalore trip,332650.75,commute,cab_from_work,False,False,True,False
TXN_AARAV_20260505_1254,2026-05-05,2026-05-05T10:17:00+05:30,e69326fa-f75f-53d1-915f-cd743d715fa5,deposit,DEBIT,UPI,42000.00,UPI/DE/RENT TO LANDLORD/MAY26,290650.75,rent,monthly_rent,False,True,False,True
TXN_AARAV_20260505_1255,2026-05-05,2026-05-05T10:41:18+05:30,e69326fa-f75f-53d1-915f-cd743d715fa5,deposit,DEBIT,UPI,148.00,UPI/DE/STARBUCKS/Bangalore coffee,290502.75,coffee,morning_coffee,False,False,True,False
TXN_AARAV_20260505_1256,2026-05-05,2026-05-05T13:25:15+05:30,e69326fa-f75f-53d1-915f-cd743d715fa5,deposit,DEBIT,UPI,291.00,UPI/DE/SWIGGY/Bangalore lunch,290211.75,food_delivery,lunch,False,False,True,False
TXN_AARAV_20260505_1257,2026-05-05,2026-05-05T23:21:18+05:30,e69326fa-f75f-53d1-915f-cd743d715fa5,deposit,DEBIT,UPI,515.00,UPI/DE/SWIGGY/late night food,289696.75,food_delivery,late_night_food,False,False,True,False
TXN_AARAV_20260506_1258,2026-05-06,2026-05-06T09:48:10+05:30,e69326fa-f75f-53d1-915f-cd743d715fa5,deposit,DEBIT,CARD,37.00,CARD/DE/BMRCL METRO/Bangalore fare,289659.75,commute,metro,False,False,False,False
TXN_AARAV_20260506_1259,2026-05-06,2026-05-06T12:07:54+05:30,e69326fa-f75f-53d1-915f-cd743d715fa5,deposit,DEBIT,UPI,255.00,UPI/DE/CAFE COFFEE DAY/Bangalore coffee,289404.75,coffee,morning_coffee,False,False,True,False
TXN_AARAV_20260506_1260,2026-05-06,2026-05-06T12:42:58+05:30,e69326fa-f75f-53d1-915f-cd743d715fa5,deposit,DEBIT,FT,10000.00,NACH/DE/SIP MUTUAL FUND/HDFC BLUECHIP FUND/MAY26,279404.75,sip,mutual_fund_sip,False,True,False,True
TXN_AARAV_20260506_1261,2026-05-06,2026-05-06T12:45:47+05:30,e69326fa-f75f-53d1-915f-cd743d715fa5,deposit,DEBIT,UPI,617.00,UPI/DE/AMAZON/Bangalore household,278787.75,household,household_items,False,False,True,False
TXN_AARAV_20260506_1262,2026-05-06,2026-05-06T13:06:17+05:30,e69326fa-f75f-53d1-915f-cd743d715fa5,deposit,DEBIT,UPI,400.00,UPI/DE/OFFICE CANTEEN/Bangalore lunch,278387.75,food_delivery,lunch,False,False,True,False
TXN_AARAV_20260506_1263,2026-05-06,2026-05-06T22:30:15+05:30,e69326fa-f75f-53d1-915f-cd743d715fa5,deposit,DEBIT,UPI,641.00,UPI/DE/SWIGGY/Bangalore dinner order,277746.75,food_delivery,dinner,False,False,True,False
TXN_AARAV_20260507_1264,2026-05-07,2026-05-07T09:59:40+05:30,e69326fa-f75f-53d1-915f-cd743d715fa5,deposit,DEBIT,CARD,48.00,CARD/DE/BMRCL METRO/Bangalore fare,277698.75,commute,metro,False,False,False,False
TXN_AARAV_20260507_1265,2026-05-07,2026-05-07T14:38:00+05:30,e69326fa-f75f-53d1-915f-cd743d715fa5,deposit,DEBIT,UPI,240.00,UPI/DE/ZOMATO/Bangalore lunch,277458.75,food_delivery,lunch,False,False,True,False
TXN_AARAV_20260507_1266,2026-05-07,2026-05-07T22:47:10+05:30,e69326fa-f75f-53d1-915f-cd743d715fa5,deposit,DEBIT,UPI,404.00,UPI/DE/SWIGGY/Bangalore dinner order,277054.75,food_delivery,dinner,False,False,True,False
TXN_AARAV_20260508_1267,2026-05-08,2026-05-08T08:40:33+05:30,e69326fa-f75f-53d1-915f-cd743d715fa5,deposit,DEBIT,UPI,296.00,UPI/DE/UBER/Bangalore trip,276758.75,commute,cab_to_work,False,False,True,False
TXN_AARAV_20260508_1268,2026-05-08,2026-05-08T12:49:41+05:30,e69326fa-f75f-53d1-915f-cd743d715fa5,deposit,DEBIT,UPI,171.00,UPI/DE/STARBUCKS/Bangalore coffee,276587.75,coffee,morning_coffee,False,False,True,False
TXN_AARAV_20260508_1269,2026-05-08,2026-05-08T19:40:55+05:30,e69326fa-f75f-53d1-915f-cd743d715fa5,deposit,DEBIT,UPI,370.00,UPI/DE/UBER/Bangalore trip,276217.75,commute,cab_from_work,False,False,True,False
TXN_AARAV_20260508_1270,2026-05-08,2026-05-08T20:18:06+05:30,e69326fa-f75f-53d1-915f-cd743d715fa5,deposit,DEBIT,CARD,2290.50,CARD/DE/TOIT/Bangalore dining,273927.25,eating_out,friday_social,False,False,True,False
TXN_AARAV_20260509_1271,2026-05-09,2026-05-09T12:31:27+05:30,e69326fa-f75f-53d1-915f-cd743d715fa5,deposit,DEBIT,UPI,3194.00,UPI/DE/BIGBASKET/Bangalore grocery,270733.25,groceries,weekly_grocery,False,False,False,True
TXN_AARAV_20260510_1272,2026-05-10,2026-05-10T11:13:17+05:30,e69326fa-f75f-53d1-915f-cd743d715fa5,deposit,DEBIT,FT,5000.00,NACH/DE/SIP MUTUAL FUND/AXIS MIDCAP FUND/MAY26,265733.25,sip,mutual_fund_sip,False,True,False,True
TXN_AARAV_20260510_1273,2026-05-10,2026-05-10T12:26:21+05:30,e69326fa-f75f-53d1-915f-cd743d715fa5,deposit,DEBIT,UPI,349.00,UPI/DE/SWIGGY/Bangalore lunch order,265384.25,food_delivery,lunch,False,False,True,False
TXN_AARAV_20260510_1274,2026-05-10,2026-05-10T18:58:10+05:30,e69326fa-f75f-53d1-915f-cd743d715fa5,deposit,DEBIT,UPI,1168.00,UPI/DE/DMART/Bangalore grocery,264216.25,groceries,grocery_topup,False,False,False,True
TXN_AARAV_20260510_1275,2026-05-10,2026-05-10T21:33:10+05:30,e69326fa-f75f-53d1-915f-cd743d715fa5,deposit,DEBIT,CARD,1853.00,CARD/DE/MTR/Bangalore dining,262363.25,eating_out,weekend_dining,False,False,True,False
TXN_AARAV_20260511_1276,2026-05-11,2026-05-11T13:47:01+05:30,e69326fa-f75f-53d1-915f-cd743d715fa5,deposit,DEBIT,UPI,290.00,UPI/DE/ZOMATO/Bangalore lunch,262073.25,food_delivery,lunch,False,False,True,False
TXN_AARAV_20260511_1277,2026-05-11,2026-05-11T21:50:50+05:30,e69326fa-f75f-53d1-915f-cd743d715fa5,deposit,DEBIT,UPI,464.00,UPI/DE/SWIGGY/Bangalore dinner order,261609.25,food_delivery,dinner,False,False,True,False
TXN_AARAV_20260512_1278,2026-05-12,2026-05-12T05:36:45+05:30,e69326fa-f75f-53d1-915f-cd743d715fa5,deposit,DEBIT,CARD,649.00,CARD/DE/RECURRING/NETFLIX/SUBSCRIPTION,260960.25,subscription,netflix,False,True,False,True
TXN_AARAV_20260512_1279,2026-05-12,2026-05-12T08:32:40+05:30,e69326fa-f75f-53d1-915f-cd743d715fa5,deposit,DEBIT,UPI,344.00,UPI/DE/RAPIDO/Bangalore trip,260616.25,commute,cab_to_work,False,False,True,False
TXN_AARAV_20260512_1280,2026-05-12,2026-05-12T12:50:02+05:30,e69326fa-f75f-53d1-915f-cd743d715fa5,deposit,DEBIT,UPI,199.00,UPI/DE/BLUE TOKAI/Bangalore coffee,260417.25,coffee,morning_coffee,False,False,True,False
TXN_AARAV_20260512_1281,2026-05-12,2026-05-12T13:53:46+05:30,e69326fa-f75f-53d1-915f-cd743d715fa5,deposit,DEBIT,UPI,2125.00,UPI/DE/BESCOM/ELECTRICITY BILL/MAY26,258292.25,utility,electricity,False,True,False,True
TXN_AARAV_20260512_1282,2026-05-12,2026-05-12T13:57:00+05:30,e69326fa-f75f-53d1-915f-cd743d715fa5,deposit,DEBIT,UPI,335.00,UPI/DE/SWIGGY/Bangalore lunch,257957.25,food_delivery,lunch,False,False,True,False
TXN_AARAV_20260512_1283,2026-05-12,2026-05-12T19:28:59+05:30,e69326fa-f75f-53d1-915f-cd743d715fa5,deposit,DEBIT,UPI,390.00,UPI/DE/RAPIDO/Bangalore trip,257567.25,commute,cab_from_work,False,False,True,False
TXN_AARAV_20260513_1284,2026-05-13,2026-05-13T09:08:01+05:30,e69326fa-f75f-53d1-915f-cd743d715fa5,deposit,DEBIT,CARD,80.00,CARD/DE/BMRCL METRO/Bangalore fare,257487.25,commute,metro,False,False,False,False
TXN_AARAV_20260513_1285,2026-05-13,2026-05-13T11:46:49+05:30,e69326fa-f75f-53d1-915f-cd743d715fa5,deposit,DEBIT,UPI,188.00,UPI/DE/STARBUCKS/Bangalore coffee,257299.25,coffee,morning_coffee,False,False,True,False
TXN_AARAV_20260513_1286,2026-05-13,2026-05-13T17:04:02+05:30,e69326fa-f75f-53d1-915f-cd743d715fa5,deposit,DEBIT,UPI,768.00,UPI/DE/APOLLO PHARMACY/Bangalore pharmacy,256531.25,pharmacy,medicine,False,False,False,False
TXN_AARAV_20260514_1287,2026-05-14,2026-05-14T00:06:30+05:30,e69326fa-f75f-53d1-915f-cd743d715fa5,deposit,DEBIT,CARD,119.00,CARD/DE/RECURRING/SPOTIFY/SUBSCRIPTION,256412.25,subscription,spotify,False,True,False,True
TXN_AARAV_20260514_1288,2026-05-14,2026-05-14T02:47:20+05:30,e69326fa-f75f-53d1-915f-cd743d715fa5,deposit,DEBIT,CARD,75.00,CARD/DE/RECURRING/ICLOUD/SUBSCRIPTION,256337.25,subscription,icloud,False,True,False,True
TXN_AARAV_20260514_1289,2026-05-14,2026-05-14T22:02:51+05:30,e69326fa-f75f-53d1-915f-cd743d715fa5,deposit,DEBIT,UPI,309.00,UPI/DE/SWIGGY/late night food,256028.25,food_delivery,late_night_food,False,False,True,False
TXN_AARAV_20260515_1290,2026-05-15,2026-05-15T13:04:22+05:30,e69326fa-f75f-53d1-915f-cd743d715fa5,deposit,DEBIT,UPI,246.00,UPI/DE/OFFICE CANTEEN/Bangalore lunch,255782.25,food_delivery,lunch,False,False,True,False
TXN_AARAV_20260515_1291,2026-05-15,2026-05-15T13:45:55+05:30,e69326fa-f75f-53d1-915f-cd743d715fa5,deposit,DEBIT,FT,999.00,FT/DE/ACT FIBERNET/BROADBAND BILL/MAY26,254783.25,utility,broadband,False,True,False,True
TXN_AARAV_20260515_1292,2026-05-15,2026-05-15T20:43:15+05:30,e69326fa-f75f-53d1-915f-cd743d715fa5,deposit,DEBIT,UPI,513.00,UPI/DE/ZOMATO/Bangalore dinner order,254270.25,food_delivery,dinner,False,False,True,False
TXN_AARAV_20260515_1293,2026-05-15,2026-05-15T20:51:37+05:30,e69326fa-f75f-53d1-915f-cd743d715fa5,deposit,DEBIT,CARD,1771.00,CARD/DE/BYG BREWSKI/Bangalore dining,252499.25,eating_out,friday_social,False,False,True,False
TXN_AARAV_20260516_1294,2026-05-16,2026-05-16T13:23:34+05:30,e69326fa-f75f-53d1-915f-cd743d715fa5,deposit,DEBIT,UPI,2450.00,UPI/DE/BIGBASKET/Bangalore grocery,250049.25,groceries,weekly_grocery,False,False,False,True
TXN_AARAV_20260516_1295,2026-05-16,2026-05-16T18:48:59+05:30,e69326fa-f75f-53d1-915f-cd743d715fa5,deposit,DEBIT,UPI,198.00,UPI/DE/STARBUCKS/Indiranagar coffee,249851.25,coffee,weekend_coffee,False,False,True,False
TXN_AARAV_20260517_1296,2026-05-17,2026-05-17T12:09:43+05:30,e69326fa-f75f-53d1-915f-cd743d715fa5,deposit,DEBIT,UPI,565.00,UPI/DE/ZOMATO/Bangalore lunch order,249286.25,food_delivery,lunch,False,False,True,False
TXN_AARAV_20260517_1297,2026-05-17,2026-05-17T18:44:15+05:30,e69326fa-f75f-53d1-915f-cd743d715fa5,deposit,DEBIT,UPI,979.00,UPI/DE/ZEPTO/Bangalore grocery,248307.25,groceries,grocery_topup,False,False,False,True
TXN_AARAV_20260517_1298,2026-05-17,2026-05-17T21:59:42+05:30,e69326fa-f75f-53d1-915f-cd743d715fa5,deposit,DEBIT,CARD,1907.00,CARD/DE/TOIT/Bangalore dining,246400.25,eating_out,weekend_dining,False,False,True,False
TXN_AARAV_20260518_1299,2026-05-18,2026-05-18T10:44:34+05:30,e69326fa-f75f-53d1-915f-cd743d715fa5,deposit,DEBIT,UPI,205.00,UPI/DE/RAPIDO/Bangalore trip,246195.25,commute,cab_to_work,False,False,True,False
TXN_AARAV_20260518_1300,2026-05-18,2026-05-18T10:51:07+05:30,e69326fa-f75f-53d1-915f-cd743d715fa5,deposit,DEBIT,UPI,221.00,UPI/DE/CAFE COFFEE DAY/Bangalore coffee,245974.25,coffee,morning_coffee,False,False,True,False
TXN_AARAV_20260518_1301,2026-05-18,2026-05-18T11:35:48+05:30,e69326fa-f75f-53d1-915f-cd743d715fa5,deposit,DEBIT,UPI,336.00,UPI/DE/AMAZON/Bangalore household,245638.25,household,household_items,False,False,True,False
TXN_AARAV_20260518_1302,2026-05-18,2026-05-18T12:04:51+05:30,e69326fa-f75f-53d1-915f-cd743d715fa5,deposit,DEBIT,UPI,599.00,UPI/DE/JIO/MOBILE BILL/MAY26,245039.25,utility,mobile,False,True,False,True
TXN_AARAV_20260518_1303,2026-05-18,2026-05-18T13:58:40+05:30,e69326fa-f75f-53d1-915f-cd743d715fa5,deposit,DEBIT,UPI,433.00,UPI/DE/SWIGGY/Bangalore lunch,244606.25,food_delivery,lunch,False,False,True,False
TXN_AARAV_20260518_1304,2026-05-18,2026-05-18T23:39:12+05:30,e69326fa-f75f-53d1-915f-cd743d715fa5,deposit,DEBIT,UPI,526.00,UPI/DE/ZOMATO/late night food,244080.25,food_delivery,late_night_food,False,False,True,False
TXN_AARAV_20260519_1305,2026-05-19,2026-05-19T10:19:53+05:30,e69326fa-f75f-53d1-915f-cd743d715fa5,deposit,DEBIT,UPI,236.00,UPI/DE/OLA/Bangalore trip,243844.25,commute,cab_to_work,False,False,True,False
TXN_AARAV_20260519_1306,2026-05-19,2026-05-19T11:56:56+05:30,e69326fa-f75f-53d1-915f-cd743d715fa5,deposit,DEBIT,UPI,180.00,UPI/DE/CAFE COFFEE DAY/Bangalore coffee,243664.25,coffee,morning_coffee,False,False,True,False
TXN_AARAV_20260519_1307,2026-05-19,2026-05-19T18:45:06+05:30,e69326fa-f75f-53d1-915f-cd743d715fa5,deposit,DEBIT,UPI,229.00,UPI/DE/OLA/Bangalore trip,243435.25,commute,cab_from_work,False,False,True,False
TXN_AARAV_20260520_1308,2026-05-20,2026-05-20T01:03:44+05:30,e69326fa-f75f-53d1-915f-cd743d715fa5,deposit,DEBIT,CARD,179.00,CARD/DE/RECURRING/AMAZON PRIME/SUBSCRIPTION,243256.25,subscription,amazon_prime,False,True,False,True
TXN_AARAV_20260520_1309,2026-05-20,2026-05-20T09:04:43+05:30,e69326fa-f75f-53d1-915f-cd743d715fa5,deposit,DEBIT,CARD,54.00,CARD/DE/BMRCL METRO/Bangalore fare,243202.25,commute,metro,False,False,False,False
TXN_AARAV_20260520_1310,2026-05-20,2026-05-20T10:36:11+05:30,e69326fa-f75f-53d1-915f-cd743d715fa5,deposit,DEBIT,UPI,130.00,UPI/DE/BLUE TOKAI/Bangalore coffee,243072.25,coffee,morning_coffee,False,False,True,False
TXN_AARAV_20260521_1311,2026-05-21,2026-05-21T08:49:24+05:30,e69326fa-f75f-53d1-915f-cd743d715fa5,deposit,DEBIT,CARD,61.00,CARD/DE/BMRCL METRO/Bangalore fare,243011.25,commute,metro,False,False,False,False
TXN_AARAV_20260521_1312,2026-05-21,2026-05-21T10:00:48+05:30,e69326fa-f75f-53d1-915f-cd743d715fa5,deposit,DEBIT,UPI,236.00,UPI/DE/BLUE TOKAI/Bangalore coffee,242775.25,coffee,morning_coffee,False,False,True,False
TXN_AARAV_20260522_1313,2026-05-22,2026-05-22T09:11:19+05:30,e69326fa-f75f-53d1-915f-cd743d715fa5,deposit,DEBIT,CARD,31.00,CARD/DE/BMRCL METRO/Bangalore fare,242744.25,commute,metro,False,False,False,False
TXN_AARAV_20260522_1314,2026-05-22,2026-05-22T11:15:45+05:30,e69326fa-f75f-53d1-915f-cd743d715fa5,deposit,DEBIT,UPI,178.00,UPI/DE/THIRD WAVE COFFEE/Bangalore coffee,242566.25,coffee,morning_coffee,False,False,True,False
TXN_AARAV_20260522_1315,2026-05-22,2026-05-22T14:11:42+05:30,e69326fa-f75f-53d1-915f-cd743d715fa5,deposit,DEBIT,UPI,382.00,UPI/DE/ZOMATO/Bangalore lunch,242184.25,food_delivery,lunch,False,False,True,False
TXN_AARAV_20260522_1316,2026-05-22,2026-05-22T21:36:13+05:30,e69326fa-f75f-53d1-915f-cd743d715fa5,deposit,DEBIT,CARD,3181.50,CARD/DE/BYG BREWSKI/Bangalore dining,239002.75,eating_out,friday_social,False,False,True,False
TXN_AARAV_20260523_1317,2026-05-23,2026-05-23T19:06:15+05:30,e69326fa-f75f-53d1-915f-cd743d715fa5,deposit,DEBIT,CARD,1841.00,CARD/DE/AMAZON/shopping,237161.75,fashion,impulse_shopping,False,False,True,False
TXN_AARAV_20260523_1318,2026-05-23,2026-05-23T22:58:33+05:30,e69326fa-f75f-53d1-915f-cd743d715fa5,deposit,DEBIT,CARD,845.00,CARD/DE/EMPIRE RESTAURANT/Bangalore dining,236316.75,eating_out,weekend_dining,False,False,True,False
TXN_AARAV_20260524_1319,2026-05-24,2026-05-24T12:51:13+05:30,e69326fa-f75f-53d1-915f-cd743d715fa5,deposit,DEBIT,UPI,429.00,UPI/DE/ZOMATO/Bangalore lunch order,235887.75,food_delivery,lunch,False,False,True,False
TXN_AARAV_20260524_1320,2026-05-24,2026-05-24T17:51:29+05:30,e69326fa-f75f-53d1-915f-cd743d715fa5,deposit,DEBIT,UPI,336.00,UPI/DE/BIGBASKET/Bangalore grocery,235551.75,groceries,grocery_topup,False,False,False,True
TXN_AARAV_20260525_1321,2026-05-25,2026-05-25T09:26:26+05:30,e69326fa-f75f-53d1-915f-cd743d715fa5,deposit,DEBIT,CARD,79.00,CARD/DE/BMRCL METRO/Bangalore fare,235472.75,commute,metro,False,False,False,False
TXN_AARAV_20260525_1322,2026-05-25,2026-05-25T10:57:07+05:30,e69326fa-f75f-53d1-915f-cd743d715fa5,deposit,DEBIT,UPI,221.00,UPI/DE/BLUE TOKAI/Bangalore coffee,235251.75,coffee,morning_coffee,False,False,True,False
TXN_AARAV_20260526_1323,2026-05-26,2026-05-26T09:59:20+05:30,e69326fa-f75f-53d1-915f-cd743d715fa5,deposit,DEBIT,CARD,46.00,CARD/DE/BMRCL METRO/Bangalore fare,235205.75,commute,metro,False,False,False,False
TXN_AARAV_20260526_1324,2026-05-26,2026-05-26T10:41:25+05:30,e69326fa-f75f-53d1-915f-cd743d715fa5,deposit,DEBIT,UPI,184.00,UPI/DE/BLUE TOKAI/Bangalore coffee,235021.75,coffee,morning_coffee,False,False,True,False
TXN_AARAV_20260527_1325,2026-05-27,2026-05-27T10:51:39+05:30,e69326fa-f75f-53d1-915f-cd743d715fa5,deposit,DEBIT,UPI,234.00,UPI/DE/UBER/Bangalore trip,234787.75,commute,cab_to_work,False,False,True,False
TXN_AARAV_20260527_1326,2026-05-27,2026-05-27T10:53:47+05:30,e69326fa-f75f-53d1-915f-cd743d715fa5,deposit,DEBIT,UPI,251.00,UPI/DE/CAFE COFFEE DAY/Bangalore coffee,234536.75,coffee,morning_coffee,False,False,True,False
TXN_AARAV_20260527_1327,2026-05-27,2026-05-27T19:36:21+05:30,e69326fa-f75f-53d1-915f-cd743d715fa5,deposit,DEBIT,UPI,232.00,UPI/DE/UBER/Bangalore trip,234304.75,commute,cab_from_work,False,False,True,False
TXN_AARAV_20260528_1328,2026-05-28,2026-05-28T09:16:36+05:30,e69326fa-f75f-53d1-915f-cd743d715fa5,deposit,DEBIT,CARD,67.00,CARD/DE/BMRCL METRO/Bangalore fare,234237.75,commute,metro,False,False,False,False
TXN_AARAV_20260528_1329,2026-05-28,2026-05-28T10:20:35+05:30,e69326fa-f75f-53d1-915f-cd743d715fa5,deposit,CREDIT,FT,165000.00,FT/CR/ACME TECH SALARY/MAY26,399237.75,salary,monthly_salary,True,False,False,True
TXN_AARAV_20260528_1330,2026-05-28,2026-05-28T11:20:42+05:30,e69326fa-f75f-53d1-915f-cd743d715fa5,deposit,DEBIT,UPI,185.00,UPI/DE/BLUE TOKAI/Bangalore coffee,399052.75,coffee,morning_coffee,False,False,True,False
TXN_AARAV_20260528_1331,2026-05-28,2026-05-28T13:44:52+05:30,e69326fa-f75f-53d1-915f-cd743d715fa5,deposit,DEBIT,UPI,312.00,UPI/DE/SWIGGY/Bangalore lunch,398740.75,food_delivery,lunch,False,False,True,False
TXN_AARAV_20260528_1332,2026-05-28,2026-05-28T19:20:26+05:30,e69326fa-f75f-53d1-915f-cd743d715fa5,deposit,DEBIT,UPI,476.00,UPI/DE/MEDPLUS/Bangalore pharmacy,398264.75,pharmacy,medicine,False,False,False,False
TXN_AARAV_20260529_1333,2026-05-29,2026-05-29T08:09:06+05:30,e69326fa-f75f-53d1-915f-cd743d715fa5,deposit,DEBIT,CARD,32.00,CARD/DE/BMRCL METRO/Bangalore fare,398232.75,commute,metro,False,False,False,False
TXN_AARAV_20260529_1334,2026-05-29,2026-05-29T11:06:14+05:30,e69326fa-f75f-53d1-915f-cd743d715fa5,deposit,DEBIT,UPI,238.00,UPI/DE/BLUE TOKAI/Bangalore coffee,397994.75,coffee,morning_coffee,False,False,True,False
TXN_AARAV_20260529_1335,2026-05-29,2026-05-29T13:18:56+05:30,e69326fa-f75f-53d1-915f-cd743d715fa5,deposit,DEBIT,UPI,288.00,UPI/DE/OFFICE CANTEEN/Bangalore lunch,397706.75,food_delivery,lunch,False,False,True,False
TXN_AARAV_20260529_1336,2026-05-29,2026-05-29T19:09:48+05:30,e69326fa-f75f-53d1-915f-cd743d715fa5,deposit,DEBIT,UPI,360.00,UPI/DE/SWIGGY/Bangalore dinner order,397346.75,food_delivery,dinner,False,False,True,False
TXN_AARAV_20260529_1337,2026-05-29,2026-05-29T20:19:45+05:30,e69326fa-f75f-53d1-915f-cd743d715fa5,deposit,DEBIT,FT,10000.00,FT/DE/INTERNAL/GOAL SAVINGS/EMERGENCY FUND,387346.75,goal_allocation,emergency_fund,False,False,False,True
TXN_AARAV_20260529_1338,2026-05-29,2026-05-29T20:48:27+05:30,e69326fa-f75f-53d1-915f-cd743d715fa5,deposit,DEBIT,CARD,2232.10,CARD/DE/BYG BREWSKI/Bangalore dining,385114.65,eating_out,friday_social,False,False,True,False
TXN_AARAV_20260529_1339,2026-05-29,2026-05-29T22:51:48+05:30,e69326fa-f75f-53d1-915f-cd743d715fa5,deposit,DEBIT,FT,8000.00,FT/DE/INTERNAL/GOAL SAVINGS/BALI VACATION,377114.65,goal_allocation,vacation_bali,False,False,False,True
TXN_AARAV_20260530_1340,2026-05-30,2026-05-30T10:18:36+05:30,e69326fa-f75f-53d1-915f-cd743d715fa5,deposit,DEBIT,UPI,2831.40,UPI/DE/BIGBASKET/Bangalore grocery,374283.25,groceries,weekly_grocery,False,False,False,True
TXN_AARAV_20260530_1341,2026-05-30,2026-05-30T16:18:07+05:30,e69326fa-f75f-53d1-915f-cd743d715fa5,deposit,DEBIT,CARD,5401.50,CARD/DE/MYNTRA/shopping,368881.75,fashion,impulse_shopping,False,False,True,False
TXN_AARAV_20260530_1342,2026-05-30,2026-05-30T18:29:11+05:30,e69326fa-f75f-53d1-915f-cd743d715fa5,deposit,DEBIT,UPI,267.00,UPI/DE/CAFE COFFEE DAY/Indiranagar coffee,368614.75,coffee,weekend_coffee,False,False,True,False
TXN_AARAV_20260530_1343,2026-05-30,2026-05-30T20:10:49+05:30,e69326fa-f75f-53d1-915f-cd743d715fa5,deposit,DEBIT,CARD,2722.20,CARD/DE/MEGHANA FOODS/Bangalore dining,365892.55,eating_out,weekend_dining,False,False,True,False
TXN_AARAV_20260530_1344,2026-05-30,2026-05-30T22:28:40+05:30,e69326fa-f75f-53d1-915f-cd743d715fa5,deposit,DEBIT,FT,6000.00,FT/DE/INTERNAL/GOAL SAVINGS/NEW LAPTOP,359892.55,goal_allocation,laptop,False,False,False,True
TXN_AARAV_20260531_1345,2026-05-31,2026-05-31T12:16:39+05:30,e69326fa-f75f-53d1-915f-cd743d715fa5,deposit,DEBIT,UPI,460.00,UPI/DE/ZOMATO/Bangalore lunch order,359432.55,food_delivery,lunch,False,False,True,False
TXN_AARAV_20260531_1346,2026-05-31,2026-05-31T15:04:48+05:30,e69326fa-f75f-53d1-915f-cd743d715fa5,deposit,DEBIT,UPI,321.00,UPI/DE/THIRD WAVE COFFEE/Indiranagar coffee,359111.55,coffee,weekend_coffee,False,False,True,False
TXN_AARAV_20260531_1347,2026-05-31,2026-05-31T18:48:17+05:30,e69326fa-f75f-53d1-915f-cd743d715fa5,deposit,DEBIT,UPI,1276.60,UPI/DE/DMART/Bangalore grocery,357834.95,groceries,grocery_topup,False,False,False,True
TXN_AARAV_20260531_1348,2026-05-31,2026-05-31T21:17:54+05:30,e69326fa-f75f-53d1-915f-cd743d715fa5,deposit,DEBIT,CARD,2778.10,CARD/DE/EMPIRE RESTAURANT/Bangalore dining,355056.85,eating_out,weekend_dining,False,False,True,False
